relative_path,label,class_name
Durian (durio zibethinus)/0.jpg,0,Durian
Durian (durio zibethinus)/1.jpg,0,Durian
Durian (durio zibethinus)/10.jpg,0,Durian
Durian (durio zibethinus)/100.jpg,0,Durian
Durian (durio zibethinus)/1000.jpg,0,Durian
Durian (durio zibethinus)/1001.jpg,0,Durian
Durian (durio zibethinus)/1002.jpg,0,Durian
Durian (durio zibethinus)/1003.jpg,0,Durian
Durian (durio zibethinus)/1004.jpg,0,Durian
Durian (durio zibethinus)/1005.jpg,0,Durian
Durian (durio zibethinus)/1006.jpg,0,Durian
Durian (durio zibethinus)/1007.jpg,0,Durian
Durian (durio zibethinus)/1008.jpg,0,Durian
Durian (durio zibethinus)/1009.jpg,0,Durian
Durian (durio zibethinus)/101.jpg,0,Durian
Durian (durio zibethinus)/1010.jpg,0,Durian
Durian (durio zibethinus)/1011.jpg,0,Durian
Durian (durio zibethinus)/1012.jpg,0,Durian
Durian (durio zibethinus)/1013.jpg,0,Durian
Durian (durio zibethinus)/1014.jpg,0,Durian
Durian (durio zibethinus)/1015.jpg,0,Durian
Durian (durio zibethinus)/1016.jpg,0,Durian
Durian (durio zibethinus)/1017.jpg,0,Durian
Durian (durio zibethinus)/1018.jpg,0,Durian
Durian (durio zibethinus)/1019.jpg,0,Durian
Durian (durio zibethinus)/102.jpg,0,Durian
Durian (durio zibethinus)/1020.jpg,0,Durian
Durian (durio zibethinus)/1021.jpg,0,Durian
Durian (durio zibethinus)/1022.jpg,0,Durian
Durian (durio zibethinus)/1023.jpg,0,Durian
Durian (durio zibethinus)/1024.jpg,0,Durian
Durian (durio zibethinus)/1025.jpg,0,Durian
Durian (durio zibethinus)/1026.jpg,0,Durian
Durian (durio zibethinus)/1027.jpg,0,Durian
Durian (durio zibethinus)/1028.jpg,0,Durian
Durian (durio zibethinus)/1029.jpg,0,Durian
Durian (durio zibethinus)/103.jpg,0,Durian
Durian (durio zibethinus)/1030.jpg,0,Durian
Durian (durio zibethinus)/1031.jpg,0,Durian
Durian (durio zibethinus)/1032.jpg,0,Durian
Durian (durio zibethinus)/1033.jpg,0,Durian
Durian (durio zibethinus)/1034.jpg,0,Durian
Durian (durio zibethinus)/1035.jpg,0,Durian
Durian (durio zibethinus)/1036.jpg,0,Durian
Durian (durio zibethinus)/1037.jpg,0,Durian
Durian (durio zibethinus)/1038.jpg,0,Durian
Durian (durio zibethinus)/1039.jpg,0,Durian
Durian (durio zibethinus)/104.jpg,0,Durian
Durian (durio zibethinus)/1040.jpg,0,Durian
Durian (durio zibethinus)/1041.jpg,0,Durian
Durian (durio zibethinus)/1042.jpg,0,Durian
Durian (durio zibethinus)/1043.jpg,0,Durian
Durian (durio zibethinus)/1044.jpg,0,Durian
Durian (durio zibethinus)/1045.jpg,0,Durian
Durian (durio zibethinus)/1046.jpg,0,Durian
Durian (durio zibethinus)/1047.jpg,0,Durian
Durian (durio zibethinus)/1048.jpg,0,Durian
Durian (durio zibethinus)/1049.jpg,0,Durian
Durian (durio zibethinus)/105.jpg,0,Durian
Durian (durio zibethinus)/1050.jpg,0,Durian
Durian (durio zibethinus)/1051.jpg,0,Durian
Durian (durio zibethinus)/1052.jpg,0,Durian
Durian (durio zibethinus)/1053.jpg,0,Durian
Durian (durio zibethinus)/1054.jpg,0,Durian
Durian (durio zibethinus)/1055.jpg,0,Durian
Durian (durio zibethinus)/1056.jpg,0,Durian
Durian (durio zibethinus)/1057.jpg,0,Durian
Durian (durio zibethinus)/1058.jpg,0,Durian
Durian (durio zibethinus)/1059.jpg,0,Durian
Durian (durio zibethinus)/106.jpg,0,Durian
Durian (durio zibethinus)/1060.jpg,0,Durian
Durian (durio zibethinus)/1061.jpg,0,Durian
Durian (durio zibethinus)/1062.jpg,0,Durian
Durian (durio zibethinus)/1063.jpg,0,Durian
Durian (durio zibethinus)/1064.jpg,0,Durian
Durian (durio zibethinus)/1065.jpg,0,Durian
Durian (durio zibethinus)/1066.jpg,0,Durian
Durian (durio zibethinus)/1067.jpg,0,Durian
Durian (durio zibethinus)/1068.jpg,0,Durian
Durian (durio zibethinus)/1069.jpg,0,Durian
Durian (durio zibethinus)/107.jpg,0,Durian
Durian (durio zibethinus)/1070.jpg,0,Durian
Durian (durio zibethinus)/1071.jpg,0,Durian
Durian (durio zibethinus)/1072.jpg,0,Durian
Durian (durio zibethinus)/1073.jpg,0,Durian
Durian (durio zibethinus)/1074.jpg,0,Durian
Durian (durio zibethinus)/1075.jpg,0,Durian
Durian (durio zibethinus)/1076.jpg,0,Durian
Durian (durio zibethinus)/1077.jpg,0,Durian
Durian (durio zibethinus)/1078.jpg,0,Durian
Durian (durio zibethinus)/1079.jpg,0,Durian
Durian (durio zibethinus)/108.jpg,0,Durian
Durian (durio zibethinus)/1080.jpg,0,Durian
Durian (durio zibethinus)/1081.jpg,0,Durian
Durian (durio zibethinus)/1082.jpg,0,Durian
Durian (durio zibethinus)/1083.jpg,0,Durian
Durian (durio zibethinus)/1084.jpg,0,Durian
Durian (durio zibethinus)/1085.jpg,0,Durian
Durian (durio zibethinus)/1086.jpg,0,Durian
Durian (durio zibethinus)/1087.jpg,0,Durian
Durian (durio zibethinus)/1088.jpg,0,Durian
Durian (durio zibethinus)/1089.jpg,0,Durian
Durian (durio zibethinus)/109.jpg,0,Durian
Durian (durio zibethinus)/1090.jpg,0,Durian
Durian (durio zibethinus)/1091.jpg,0,Durian
Durian (durio zibethinus)/1092.jpg,0,Durian
Durian (durio zibethinus)/1093.jpg,0,Durian
Durian (durio zibethinus)/1094.jpg,0,Durian
Durian (durio zibethinus)/1095.jpg,0,Durian
Durian (durio zibethinus)/1096.jpg,0,Durian
Durian (durio zibethinus)/1097.jpg,0,Durian
Durian (durio zibethinus)/1098.jpg,0,Durian
Durian (durio zibethinus)/1099.jpg,0,Durian
Durian (durio zibethinus)/11.jpg,0,Durian
Durian (durio zibethinus)/110.jpg,0,Durian
Durian (durio zibethinus)/1100.jpg,0,Durian
Durian (durio zibethinus)/1101.jpg,0,Durian
Durian (durio zibethinus)/1102.jpg,0,Durian
Durian (durio zibethinus)/1103.jpg,0,Durian
Durian (durio zibethinus)/1104.jpg,0,Durian
Durian (durio zibethinus)/1105.jpg,0,Durian
Durian (durio zibethinus)/1106.jpg,0,Durian
Durian (durio zibethinus)/1107.jpg,0,Durian
Durian (durio zibethinus)/1108.jpg,0,Durian
Durian (durio zibethinus)/1109.jpg,0,Durian
Durian (durio zibethinus)/111.jpg,0,Durian
Durian (durio zibethinus)/1110.jpg,0,Durian
Durian (durio zibethinus)/1111.jpg,0,Durian
Durian (durio zibethinus)/1112.jpg,0,Durian
Durian (durio zibethinus)/1113.jpg,0,Durian
Durian (durio zibethinus)/1114.jpg,0,Durian
Durian (durio zibethinus)/1115.jpg,0,Durian
Durian (durio zibethinus)/1116.jpg,0,Durian
Durian (durio zibethinus)/1117.jpg,0,Durian
Durian (durio zibethinus)/1118.jpg,0,Durian
Durian (durio zibethinus)/1119.jpg,0,Durian
Durian (durio zibethinus)/112.jpg,0,Durian
Durian (durio zibethinus)/1120.jpg,0,Durian
Durian (durio zibethinus)/1121.jpg,0,Durian
Durian (durio zibethinus)/1122.jpg,0,Durian
Durian (durio zibethinus)/1123.jpg,0,Durian
Durian (durio zibethinus)/1124.jpg,0,Durian
Durian (durio zibethinus)/1125.jpg,0,Durian
Durian (durio zibethinus)/1126.jpg,0,Durian
Durian (durio zibethinus)/1127.jpg,0,Durian
Durian (durio zibethinus)/1128.jpg,0,Durian
Durian (durio zibethinus)/1129.jpg,0,Durian
Durian (durio zibethinus)/113.jpg,0,Durian
Durian (durio zibethinus)/1130.jpg,0,Durian
Durian (durio zibethinus)/1131.jpg,0,Durian
Durian (durio zibethinus)/1132.jpg,0,Durian
Durian (durio zibethinus)/1133.jpg,0,Durian
Durian (durio zibethinus)/1134.jpg,0,Durian
Durian (durio zibethinus)/1135.jpg,0,Durian
Durian (durio zibethinus)/1136.jpg,0,Durian
Durian (durio zibethinus)/1137.jpg,0,Durian
Durian (durio zibethinus)/1138.jpg,0,Durian
Durian (durio zibethinus)/1139.jpg,0,Durian
Durian (durio zibethinus)/114.jpg,0,Durian
Durian (durio zibethinus)/1140.jpg,0,Durian
Durian (durio zibethinus)/1141.jpg,0,Durian
Durian (durio zibethinus)/1142.jpg,0,Durian
Durian (durio zibethinus)/1143.jpg,0,Durian
Durian (durio zibethinus)/1144.jpg,0,Durian
Durian (durio zibethinus)/1145.jpg,0,Durian
Durian (durio zibethinus)/1146.jpg,0,Durian
Durian (durio zibethinus)/1147.jpg,0,Durian
Durian (durio zibethinus)/1148.jpg,0,Durian
Durian (durio zibethinus)/1149.jpg,0,Durian
Durian (durio zibethinus)/115.jpg,0,Durian
Durian (durio zibethinus)/1150.jpg,0,Durian
Durian (durio zibethinus)/1151.jpg,0,Durian
Durian (durio zibethinus)/1152.jpg,0,Durian
Durian (durio zibethinus)/1153.jpg,0,Durian
Durian (durio zibethinus)/1154.jpg,0,Durian
Durian (durio zibethinus)/1155.jpg,0,Durian
Durian (durio zibethinus)/1156.jpg,0,Durian
Durian (durio zibethinus)/1157.jpg,0,Durian
Durian (durio zibethinus)/1158.jpg,0,Durian
Durian (durio zibethinus)/1159.jpg,0,Durian
Durian (durio zibethinus)/116.jpg,0,Durian
Durian (durio zibethinus)/1160.jpg,0,Durian
Durian (durio zibethinus)/1161.jpg,0,Durian
Durian (durio zibethinus)/1162.jpg,0,Durian
Durian (durio zibethinus)/1163.jpg,0,Durian
Durian (durio zibethinus)/1164.jpg,0,Durian
Durian (durio zibethinus)/1165.jpg,0,Durian
Durian (durio zibethinus)/1166.jpg,0,Durian
Durian (durio zibethinus)/1167.jpg,0,Durian
Durian (durio zibethinus)/1168.jpg,0,Durian
Durian (durio zibethinus)/1169.jpg,0,Durian
Durian (durio zibethinus)/117.jpg,0,Durian
Durian (durio zibethinus)/1170.jpg,0,Durian
Durian (durio zibethinus)/1171.jpg,0,Durian
Durian (durio zibethinus)/1172.jpg,0,Durian
Durian (durio zibethinus)/1173.jpg,0,Durian
Durian (durio zibethinus)/1174.jpg,0,Durian
Durian (durio zibethinus)/1175.jpg,0,Durian
Durian (durio zibethinus)/1176.jpg,0,Durian
Durian (durio zibethinus)/1177.jpg,0,Durian
Durian (durio zibethinus)/1178.jpg,0,Durian
Durian (durio zibethinus)/1179.jpg,0,Durian
Durian (durio zibethinus)/118.jpg,0,Durian
Durian (durio zibethinus)/1180.jpg,0,Durian
Durian (durio zibethinus)/1181.jpg,0,Durian
Durian (durio zibethinus)/1182.jpg,0,Durian
Durian (durio zibethinus)/1183.jpg,0,Durian
Durian (durio zibethinus)/1184.jpg,0,Durian
Durian (durio zibethinus)/1185.jpg,0,Durian
Durian (durio zibethinus)/1186.jpg,0,Durian
Durian (durio zibethinus)/1187.jpg,0,Durian
Durian (durio zibethinus)/1188.jpg,0,Durian
Durian (durio zibethinus)/1189.jpg,0,Durian
Durian (durio zibethinus)/119.jpg,0,Durian
Durian (durio zibethinus)/1190.jpg,0,Durian
Durian (durio zibethinus)/1191.jpg,0,Durian
Durian (durio zibethinus)/1192.jpg,0,Durian
Durian (durio zibethinus)/1193.jpg,0,Durian
Durian (durio zibethinus)/1194.jpg,0,Durian
Durian (durio zibethinus)/1195.jpg,0,Durian
Durian (durio zibethinus)/1196.jpg,0,Durian
Durian (durio zibethinus)/1197.jpg,0,Durian
Durian (durio zibethinus)/1198.jpg,0,Durian
Durian (durio zibethinus)/1199.jpg,0,Durian
Durian (durio zibethinus)/12.jpg,0,Durian
Durian (durio zibethinus)/120.jpg,0,Durian
Durian (durio zibethinus)/1200.jpg,0,Durian
Durian (durio zibethinus)/1201.jpg,0,Durian
Durian (durio zibethinus)/1202.jpg,0,Durian
Durian (durio zibethinus)/1203.jpg,0,Durian
Durian (durio zibethinus)/1204.jpg,0,Durian
Durian (durio zibethinus)/1205.jpg,0,Durian
Durian (durio zibethinus)/1206.jpg,0,Durian
Durian (durio zibethinus)/1207.jpg,0,Durian
Durian (durio zibethinus)/1208.jpg,0,Durian
Durian (durio zibethinus)/1209.jpg,0,Durian
Durian (durio zibethinus)/121.jpg,0,Durian
Durian (durio zibethinus)/1210.jpg,0,Durian
Durian (durio zibethinus)/1211.jpg,0,Durian
Durian (durio zibethinus)/1212.jpg,0,Durian
Durian (durio zibethinus)/1213.jpg,0,Durian
Durian (durio zibethinus)/1214.jpg,0,Durian
Durian (durio zibethinus)/1215.jpg,0,Durian
Durian (durio zibethinus)/1216.jpg,0,Durian
Durian (durio zibethinus)/1217.jpg,0,Durian
Durian (durio zibethinus)/1218.jpg,0,Durian
Durian (durio zibethinus)/1219.jpg,0,Durian
Durian (durio zibethinus)/122.jpg,0,Durian
Durian (durio zibethinus)/1220.jpg,0,Durian
Durian (durio zibethinus)/1221.jpg,0,Durian
Durian (durio zibethinus)/1222.jpg,0,Durian
Durian (durio zibethinus)/1223.jpg,0,Durian
Durian (durio zibethinus)/1224.jpg,0,Durian
Durian (durio zibethinus)/1225.jpg,0,Durian
Durian (durio zibethinus)/1226.jpg,0,Durian
Durian (durio zibethinus)/1227.jpg,0,Durian
Durian (durio zibethinus)/1228.jpg,0,Durian
Durian (durio zibethinus)/1229.jpg,0,Durian
Durian (durio zibethinus)/123.jpg,0,Durian
Durian (durio zibethinus)/1230.jpg,0,Durian
Durian (durio zibethinus)/1231.jpg,0,Durian
Durian (durio zibethinus)/1232.jpg,0,Durian
Durian (durio zibethinus)/1233.jpg,0,Durian
Durian (durio zibethinus)/1234.jpg,0,Durian
Durian (durio zibethinus)/1235.jpg,0,Durian
Durian (durio zibethinus)/1236.jpg,0,Durian
Durian (durio zibethinus)/1237.jpg,0,Durian
Durian (durio zibethinus)/1238.jpg,0,Durian
Durian (durio zibethinus)/1239.jpg,0,Durian
Durian (durio zibethinus)/124.jpg,0,Durian
Durian (durio zibethinus)/1240.jpg,0,Durian
Durian (durio zibethinus)/1241.jpg,0,Durian
Durian (durio zibethinus)/1242.jpg,0,Durian
Durian (durio zibethinus)/1243.jpg,0,Durian
Durian (durio zibethinus)/1244.jpg,0,Durian
Durian (durio zibethinus)/1245.jpg,0,Durian
Durian (durio zibethinus)/1246.jpg,0,Durian
Durian (durio zibethinus)/1247.jpg,0,Durian
Durian (durio zibethinus)/1248.jpg,0,Durian
Durian (durio zibethinus)/1249.jpg,0,Durian
Durian (durio zibethinus)/125.jpg,0,Durian
Durian (durio zibethinus)/1250.jpg,0,Durian
Durian (durio zibethinus)/1251.jpg,0,Durian
Durian (durio zibethinus)/1252.jpg,0,Durian
Durian (durio zibethinus)/1253.jpg,0,Durian
Durian (durio zibethinus)/1254.jpg,0,Durian
Durian (durio zibethinus)/1255.jpg,0,Durian
Durian (durio zibethinus)/1256.jpg,0,Durian
Durian (durio zibethinus)/1257.jpg,0,Durian
Durian (durio zibethinus)/1258.jpg,0,Durian
Durian (durio zibethinus)/1259.jpg,0,Durian
Durian (durio zibethinus)/126.jpg,0,Durian
Durian (durio zibethinus)/1260.jpg,0,Durian
Durian (durio zibethinus)/1261.jpg,0,Durian
Durian (durio zibethinus)/1262.jpg,0,Durian
Durian (durio zibethinus)/1263.jpg,0,Durian
Durian (durio zibethinus)/1264.jpg,0,Durian
Durian (durio zibethinus)/1265.jpg,0,Durian
Durian (durio zibethinus)/1266.jpg,0,Durian
Durian (durio zibethinus)/1267.jpg,0,Durian
Durian (durio zibethinus)/1268.jpg,0,Durian
Durian (durio zibethinus)/1269.jpg,0,Durian
Durian (durio zibethinus)/127.jpg,0,Durian
Durian (durio zibethinus)/1270.jpg,0,Durian
Durian (durio zibethinus)/1271.jpg,0,Durian
Durian (durio zibethinus)/1272.jpg,0,Durian
Durian (durio zibethinus)/1273.jpg,0,Durian
Durian (durio zibethinus)/1274.jpg,0,Durian
Durian (durio zibethinus)/1275.jpg,0,Durian
Durian (durio zibethinus)/1276.jpg,0,Durian
Durian (durio zibethinus)/1277.jpg,0,Durian
Durian (durio zibethinus)/1278.jpg,0,Durian
Durian (durio zibethinus)/1279.jpg,0,Durian
Durian (durio zibethinus)/128.jpg,0,Durian
Durian (durio zibethinus)/1280.jpg,0,Durian
Durian (durio zibethinus)/1281.jpg,0,Durian
Durian (durio zibethinus)/1282.jpg,0,Durian
Durian (durio zibethinus)/1283.jpg,0,Durian
Durian (durio zibethinus)/1284.jpg,0,Durian
Durian (durio zibethinus)/1285.jpg,0,Durian
Durian (durio zibethinus)/1286.jpg,0,Durian
Durian (durio zibethinus)/1287.jpg,0,Durian
Durian (durio zibethinus)/1288.jpg,0,Durian
Durian (durio zibethinus)/1289.jpg,0,Durian
Durian (durio zibethinus)/129.jpg,0,Durian
Durian (durio zibethinus)/1290.jpg,0,Durian
Durian (durio zibethinus)/1291.jpg,0,Durian
Durian (durio zibethinus)/1292.jpg,0,Durian
Durian (durio zibethinus)/1293.jpg,0,Durian
Durian (durio zibethinus)/1294.jpg,0,Durian
Durian (durio zibethinus)/1295.jpg,0,Durian
Durian (durio zibethinus)/1296.jpg,0,Durian
Durian (durio zibethinus)/1297.jpg,0,Durian
Durian (durio zibethinus)/1298.jpg,0,Durian
Durian (durio zibethinus)/1299.jpg,0,Durian
Durian (durio zibethinus)/13.jpg,0,Durian
Durian (durio zibethinus)/130.jpg,0,Durian
Durian (durio zibethinus)/1300.jpg,0,Durian
Durian (durio zibethinus)/1301.jpg,0,Durian
Durian (durio zibethinus)/1302.jpg,0,Durian
Durian (durio zibethinus)/1303.jpg,0,Durian
Durian (durio zibethinus)/1304.jpg,0,Durian
Durian (durio zibethinus)/1305.jpg,0,Durian
Durian (durio zibethinus)/1306.jpg,0,Durian
Durian (durio zibethinus)/1307.jpg,0,Durian
Durian (durio zibethinus)/1308.jpg,0,Durian
Durian (durio zibethinus)/1309.jpg,0,Durian
Durian (durio zibethinus)/131.jpg,0,Durian
Durian (durio zibethinus)/1310.jpg,0,Durian
Durian (durio zibethinus)/1311.jpg,0,Durian
Durian (durio zibethinus)/1312.jpg,0,Durian
Durian (durio zibethinus)/1313.jpg,0,Durian
Durian (durio zibethinus)/1314.jpg,0,Durian
Durian (durio zibethinus)/1315.jpg,0,Durian
Durian (durio zibethinus)/1316.jpg,0,Durian
Durian (durio zibethinus)/1317.jpg,0,Durian
Durian (durio zibethinus)/1318.jpg,0,Durian
Durian (durio zibethinus)/1319.jpg,0,Durian
Durian (durio zibethinus)/132.jpg,0,Durian
Durian (durio zibethinus)/1320.jpg,0,Durian
Durian (durio zibethinus)/1321.jpg,0,Durian
Durian (durio zibethinus)/1322.jpg,0,Durian
Durian (durio zibethinus)/1323.jpg,0,Durian
Durian (durio zibethinus)/1324.jpg,0,Durian
Durian (durio zibethinus)/1325.jpg,0,Durian
Durian (durio zibethinus)/1326.jpg,0,Durian
Durian (durio zibethinus)/1327.jpg,0,Durian
Durian (durio zibethinus)/1328.jpg,0,Durian
Durian (durio zibethinus)/1329.jpg,0,Durian
Durian (durio zibethinus)/133.jpg,0,Durian
Durian (durio zibethinus)/1330.jpg,0,Durian
Durian (durio zibethinus)/1331.jpg,0,Durian
Durian (durio zibethinus)/1332.jpg,0,Durian
Durian (durio zibethinus)/1333.jpg,0,Durian
Durian (durio zibethinus)/1334.jpg,0,Durian
Durian (durio zibethinus)/1335.jpg,0,Durian
Durian (durio zibethinus)/1336.jpg,0,Durian
Durian (durio zibethinus)/1337.jpg,0,Durian
Durian (durio zibethinus)/1338.jpg,0,Durian
Durian (durio zibethinus)/1339.jpg,0,Durian
Durian (durio zibethinus)/134.jpg,0,Durian
Durian (durio zibethinus)/1340.jpg,0,Durian
Durian (durio zibethinus)/1341.jpg,0,Durian
Durian (durio zibethinus)/1342.jpg,0,Durian
Durian (durio zibethinus)/1343.jpg,0,Durian
Durian (durio zibethinus)/1344.jpg,0,Durian
Durian (durio zibethinus)/1345.jpg,0,Durian
Durian (durio zibethinus)/1346.jpg,0,Durian
Durian (durio zibethinus)/1347.jpg,0,Durian
Durian (durio zibethinus)/1348.jpg,0,Durian
Durian (durio zibethinus)/1349.jpg,0,Durian
Durian (durio zibethinus)/135.jpg,0,Durian
Durian (durio zibethinus)/1350.jpg,0,Durian
Durian (durio zibethinus)/1351.jpg,0,Durian
Durian (durio zibethinus)/1352.jpg,0,Durian
Durian (durio zibethinus)/1353.jpg,0,Durian
Durian (durio zibethinus)/1354.jpg,0,Durian
Durian (durio zibethinus)/1355.jpg,0,Durian
Durian (durio zibethinus)/1356.jpg,0,Durian
Durian (durio zibethinus)/1357.jpg,0,Durian
Durian (durio zibethinus)/1358.jpg,0,Durian
Durian (durio zibethinus)/1359.jpg,0,Durian
Durian (durio zibethinus)/136.jpg,0,Durian
Durian (durio zibethinus)/1360.jpg,0,Durian
Durian (durio zibethinus)/1361.jpg,0,Durian
Durian (durio zibethinus)/1362.jpg,0,Durian
Durian (durio zibethinus)/1363.jpg,0,Durian
Durian (durio zibethinus)/1364.jpg,0,Durian
Durian (durio zibethinus)/1365.jpg,0,Durian
Durian (durio zibethinus)/1366.jpg,0,Durian
Durian (durio zibethinus)/1367.jpg,0,Durian
Durian (durio zibethinus)/1368.jpg,0,Durian
Durian (durio zibethinus)/1369.jpg,0,Durian
Durian (durio zibethinus)/137.jpg,0,Durian
Durian (durio zibethinus)/1370.jpg,0,Durian
Durian (durio zibethinus)/1371.jpg,0,Durian
Durian (durio zibethinus)/1372.jpg,0,Durian
Durian (durio zibethinus)/1373.jpg,0,Durian
Durian (durio zibethinus)/1374.jpg,0,Durian
Durian (durio zibethinus)/1375.jpg,0,Durian
Durian (durio zibethinus)/1376.jpg,0,Durian
Durian (durio zibethinus)/1377.jpg,0,Durian
Durian (durio zibethinus)/1378.jpg,0,Durian
Durian (durio zibethinus)/1379.jpg,0,Durian
Durian (durio zibethinus)/138.jpg,0,Durian
Durian (durio zibethinus)/1380.jpg,0,Durian
Durian (durio zibethinus)/1381.jpg,0,Durian
Durian (durio zibethinus)/1382.jpg,0,Durian
Durian (durio zibethinus)/1383.jpg,0,Durian
Durian (durio zibethinus)/1384.jpg,0,Durian
Durian (durio zibethinus)/1385.jpg,0,Durian
Durian (durio zibethinus)/1386.jpg,0,Durian
Durian (durio zibethinus)/1387.jpg,0,Durian
Durian (durio zibethinus)/1388.jpg,0,Durian
Durian (durio zibethinus)/1389.jpg,0,Durian
Durian (durio zibethinus)/139.jpg,0,Durian
Durian (durio zibethinus)/1390.jpg,0,Durian
Durian (durio zibethinus)/1391.jpg,0,Durian
Durian (durio zibethinus)/1392.jpg,0,Durian
Durian (durio zibethinus)/1393.jpg,0,Durian
Durian (durio zibethinus)/1394.jpg,0,Durian
Durian (durio zibethinus)/1395.jpg,0,Durian
Durian (durio zibethinus)/1396.jpg,0,Durian
Durian (durio zibethinus)/1397.jpg,0,Durian
Durian (durio zibethinus)/1398.jpg,0,Durian
Durian (durio zibethinus)/1399.jpg,0,Durian
Durian (durio zibethinus)/14.jpg,0,Durian
Durian (durio zibethinus)/140.jpg,0,Durian
Durian (durio zibethinus)/1400.jpg,0,Durian
Durian (durio zibethinus)/1401.jpg,0,Durian
Durian (durio zibethinus)/1402.jpg,0,Durian
Durian (durio zibethinus)/1403.jpg,0,Durian
Durian (durio zibethinus)/1404.jpg,0,Durian
Durian (durio zibethinus)/1405.jpg,0,Durian
Durian (durio zibethinus)/1406.jpg,0,Durian
Durian (durio zibethinus)/1407.jpg,0,Durian
Durian (durio zibethinus)/1408.jpg,0,Durian
Durian (durio zibethinus)/1409.jpg,0,Durian
Durian (durio zibethinus)/141.jpg,0,Durian
Durian (durio zibethinus)/1410.jpg,0,Durian
Durian (durio zibethinus)/1411.jpg,0,Durian
Durian (durio zibethinus)/1412.jpg,0,Durian
Durian (durio zibethinus)/1413.jpg,0,Durian
Durian (durio zibethinus)/1414.jpg,0,Durian
Durian (durio zibethinus)/1415.jpg,0,Durian
Durian (durio zibethinus)/1416.jpg,0,Durian
Durian (durio zibethinus)/1417.jpg,0,Durian
Durian (durio zibethinus)/1418.jpg,0,Durian
Durian (durio zibethinus)/1419.jpg,0,Durian
Durian (durio zibethinus)/142.jpg,0,Durian
Durian (durio zibethinus)/1420.jpg,0,Durian
Durian (durio zibethinus)/1421.jpg,0,Durian
Durian (durio zibethinus)/1422.jpg,0,Durian
Durian (durio zibethinus)/1423.jpg,0,Durian
Durian (durio zibethinus)/1424.jpg,0,Durian
Durian (durio zibethinus)/1425.jpg,0,Durian
Durian (durio zibethinus)/1426.jpg,0,Durian
Durian (durio zibethinus)/1427.jpg,0,Durian
Durian (durio zibethinus)/1428.jpg,0,Durian
Durian (durio zibethinus)/1429.jpg,0,Durian
Durian (durio zibethinus)/143.jpg,0,Durian
Durian (durio zibethinus)/1430.jpg,0,Durian
Durian (durio zibethinus)/1431.jpg,0,Durian
Durian (durio zibethinus)/1432.jpg,0,Durian
Durian (durio zibethinus)/1433.jpg,0,Durian
Durian (durio zibethinus)/1434.jpg,0,Durian
Durian (durio zibethinus)/1435.jpg,0,Durian
Durian (durio zibethinus)/1436.jpg,0,Durian
Durian (durio zibethinus)/1437.jpg,0,Durian
Durian (durio zibethinus)/1438.jpg,0,Durian
Durian (durio zibethinus)/1439.jpg,0,Durian
Durian (durio zibethinus)/144.jpg,0,Durian
Durian (durio zibethinus)/1440.jpg,0,Durian
Durian (durio zibethinus)/1441.jpg,0,Durian
Durian (durio zibethinus)/1442.jpg,0,Durian
Durian (durio zibethinus)/1443.jpg,0,Durian
Durian (durio zibethinus)/1444.jpg,0,Durian
Durian (durio zibethinus)/1445.jpg,0,Durian
Durian (durio zibethinus)/1446.jpg,0,Durian
Durian (durio zibethinus)/1447.jpg,0,Durian
Durian (durio zibethinus)/1448.jpg,0,Durian
Durian (durio zibethinus)/1449.jpg,0,Durian
Durian (durio zibethinus)/145.jpg,0,Durian
Durian (durio zibethinus)/1450.jpg,0,Durian
Durian (durio zibethinus)/1451.jpg,0,Durian
Durian (durio zibethinus)/1452.jpg,0,Durian
Durian (durio zibethinus)/1453.jpg,0,Durian
Durian (durio zibethinus)/1454.jpg,0,Durian
Durian (durio zibethinus)/1455.jpg,0,Durian
Durian (durio zibethinus)/1456.jpg,0,Durian
Durian (durio zibethinus)/1457.jpg,0,Durian
Durian (durio zibethinus)/1458.jpg,0,Durian
Durian (durio zibethinus)/1459.jpg,0,Durian
Durian (durio zibethinus)/146.jpg,0,Durian
Durian (durio zibethinus)/1460.jpg,0,Durian
Durian (durio zibethinus)/1461.jpg,0,Durian
Durian (durio zibethinus)/1462.jpg,0,Durian
Durian (durio zibethinus)/1463.jpg,0,Durian
Durian (durio zibethinus)/1464.jpg,0,Durian
Durian (durio zibethinus)/1465.jpg,0,Durian
Durian (durio zibethinus)/1466.jpg,0,Durian
Durian (durio zibethinus)/1467.jpg,0,Durian
Durian (durio zibethinus)/1468.jpg,0,Durian
Durian (durio zibethinus)/1469.jpg,0,Durian
Durian (durio zibethinus)/147.jpg,0,Durian
Durian (durio zibethinus)/1470.jpg,0,Durian
Durian (durio zibethinus)/1471.jpg,0,Durian
Durian (durio zibethinus)/1472.jpg,0,Durian
Durian (durio zibethinus)/1473.jpg,0,Durian
Durian (durio zibethinus)/1474.jpg,0,Durian
Durian (durio zibethinus)/1475.jpg,0,Durian
Durian (durio zibethinus)/1476.jpg,0,Durian
Durian (durio zibethinus)/1477.jpg,0,Durian
Durian (durio zibethinus)/1478.jpg,0,Durian
Durian (durio zibethinus)/1479.jpg,0,Durian
Durian (durio zibethinus)/148.jpg,0,Durian
Durian (durio zibethinus)/1480.jpg,0,Durian
Durian (durio zibethinus)/1481.jpg,0,Durian
Durian (durio zibethinus)/1482.jpg,0,Durian
Durian (durio zibethinus)/1483.jpg,0,Durian
Durian (durio zibethinus)/1484.jpg,0,Durian
Durian (durio zibethinus)/1485.jpg,0,Durian
Durian (durio zibethinus)/1486.jpg,0,Durian
Durian (durio zibethinus)/1487.jpg,0,Durian
Durian (durio zibethinus)/1488.jpg,0,Durian
Durian (durio zibethinus)/1489.jpg,0,Durian
Durian (durio zibethinus)/149.jpg,0,Durian
Durian (durio zibethinus)/1490.jpg,0,Durian
Durian (durio zibethinus)/1491.jpg,0,Durian
Durian (durio zibethinus)/1492.jpg,0,Durian
Durian (durio zibethinus)/1493.jpg,0,Durian
Durian (durio zibethinus)/1494.jpg,0,Durian
Durian (durio zibethinus)/1495.jpg,0,Durian
Durian (durio zibethinus)/1496.jpg,0,Durian
Durian (durio zibethinus)/1497.jpg,0,Durian
Durian (durio zibethinus)/1498.jpg,0,Durian
Durian (durio zibethinus)/1499.jpg,0,Durian
Durian (durio zibethinus)/15.jpg,0,Durian
Durian (durio zibethinus)/150.jpg,0,Durian
Durian (durio zibethinus)/1500.jpg,0,Durian
Durian (durio zibethinus)/1501.jpg,0,Durian
Durian (durio zibethinus)/1502.jpg,0,Durian
Durian (durio zibethinus)/1503.jpg,0,Durian
Durian (durio zibethinus)/1504.jpg,0,Durian
Durian (durio zibethinus)/1505.jpg,0,Durian
Durian (durio zibethinus)/1506.jpg,0,Durian
Durian (durio zibethinus)/1507.jpg,0,Durian
Durian (durio zibethinus)/1508.jpg,0,Durian
Durian (durio zibethinus)/1509.jpg,0,Durian
Durian (durio zibethinus)/151.jpg,0,Durian
Durian (durio zibethinus)/1510.jpg,0,Durian
Durian (durio zibethinus)/1511.jpg,0,Durian
Durian (durio zibethinus)/1512.jpg,0,Durian
Durian (durio zibethinus)/1513.jpg,0,Durian
Durian (durio zibethinus)/1514.jpg,0,Durian
Durian (durio zibethinus)/1515.jpg,0,Durian
Durian (durio zibethinus)/1516.jpg,0,Durian
Durian (durio zibethinus)/1517.jpg,0,Durian
Durian (durio zibethinus)/1518.jpg,0,Durian
Durian (durio zibethinus)/1519.jpg,0,Durian
Durian (durio zibethinus)/152.jpg,0,Durian
Durian (durio zibethinus)/1520.jpg,0,Durian
Durian (durio zibethinus)/1521.jpg,0,Durian
Durian (durio zibethinus)/1522.jpg,0,Durian
Durian (durio zibethinus)/1523.jpg,0,Durian
Durian (durio zibethinus)/1524.jpg,0,Durian
Durian (durio zibethinus)/1525.jpg,0,Durian
Durian (durio zibethinus)/1526.jpg,0,Durian
Durian (durio zibethinus)/1527.jpg,0,Durian
Durian (durio zibethinus)/1528.jpg,0,Durian
Durian (durio zibethinus)/1529.jpg,0,Durian
Durian (durio zibethinus)/153.jpg,0,Durian
Durian (durio zibethinus)/1530.jpg,0,Durian
Durian (durio zibethinus)/1531.jpg,0,Durian
Durian (durio zibethinus)/1532.jpg,0,Durian
Durian (durio zibethinus)/1533.jpg,0,Durian
Durian (durio zibethinus)/1534.jpg,0,Durian
Durian (durio zibethinus)/1535.jpg,0,Durian
Durian (durio zibethinus)/1536.jpg,0,Durian
Durian (durio zibethinus)/1537.jpg,0,Durian
Durian (durio zibethinus)/1538.jpg,0,Durian
Durian (durio zibethinus)/1539.jpg,0,Durian
Durian (durio zibethinus)/154.jpg,0,Durian
Durian (durio zibethinus)/1540.jpg,0,Durian
Durian (durio zibethinus)/1541.jpg,0,Durian
Durian (durio zibethinus)/1542.jpg,0,Durian
Durian (durio zibethinus)/1543.jpg,0,Durian
Durian (durio zibethinus)/1544.jpg,0,Durian
Durian (durio zibethinus)/1545.jpg,0,Durian
Durian (durio zibethinus)/1546.jpg,0,Durian
Durian (durio zibethinus)/1547.jpg,0,Durian
Durian (durio zibethinus)/1548.jpg,0,Durian
Durian (durio zibethinus)/1549.jpg,0,Durian
Durian (durio zibethinus)/155.jpg,0,Durian
Durian (durio zibethinus)/1550.jpg,0,Durian
Durian (durio zibethinus)/1551.jpg,0,Durian
Durian (durio zibethinus)/1552.jpg,0,Durian
Durian (durio zibethinus)/1553.jpg,0,Durian
Durian (durio zibethinus)/1554.jpg,0,Durian
Durian (durio zibethinus)/1555.jpg,0,Durian
Durian (durio zibethinus)/1556.jpg,0,Durian
Durian (durio zibethinus)/1557.jpg,0,Durian
Durian (durio zibethinus)/1558.jpg,0,Durian
Durian (durio zibethinus)/1559.jpg,0,Durian
Durian (durio zibethinus)/156.jpg,0,Durian
Durian (durio zibethinus)/1560.jpg,0,Durian
Durian (durio zibethinus)/1561.jpg,0,Durian
Durian (durio zibethinus)/1562.jpg,0,Durian
Durian (durio zibethinus)/1563.jpg,0,Durian
Durian (durio zibethinus)/1564.jpg,0,Durian
Durian (durio zibethinus)/1565.jpg,0,Durian
Durian (durio zibethinus)/1566.jpg,0,Durian
Durian (durio zibethinus)/1567.jpg,0,Durian
Durian (durio zibethinus)/1568.jpg,0,Durian
Durian (durio zibethinus)/1569.jpg,0,Durian
Durian (durio zibethinus)/157.jpg,0,Durian
Durian (durio zibethinus)/1570.jpg,0,Durian
Durian (durio zibethinus)/1571.jpg,0,Durian
Durian (durio zibethinus)/1572.jpg,0,Durian
Durian (durio zibethinus)/1573.jpg,0,Durian
Durian (durio zibethinus)/1574.jpg,0,Durian
Durian (durio zibethinus)/1575.jpg,0,Durian
Durian (durio zibethinus)/1576.jpg,0,Durian
Durian (durio zibethinus)/1577.jpg,0,Durian
Durian (durio zibethinus)/1578.jpg,0,Durian
Durian (durio zibethinus)/1579.jpg,0,Durian
Durian (durio zibethinus)/158.jpg,0,Durian
Durian (durio zibethinus)/1580.jpg,0,Durian
Durian (durio zibethinus)/1581.jpg,0,Durian
Durian (durio zibethinus)/1582.jpg,0,Durian
Durian (durio zibethinus)/1583.jpg,0,Durian
Durian (durio zibethinus)/1584.jpg,0,Durian
Durian (durio zibethinus)/1585.jpg,0,Durian
Durian (durio zibethinus)/1586.jpg,0,Durian
Durian (durio zibethinus)/1587.jpg,0,Durian
Durian (durio zibethinus)/1588.jpg,0,Durian
Durian (durio zibethinus)/1589.jpg,0,Durian
Durian (durio zibethinus)/159.jpg,0,Durian
Durian (durio zibethinus)/1590.jpg,0,Durian
Durian (durio zibethinus)/1591.jpg,0,Durian
Durian (durio zibethinus)/1592.jpg,0,Durian
Durian (durio zibethinus)/1593.jpg,0,Durian
Durian (durio zibethinus)/1594.jpg,0,Durian
Durian (durio zibethinus)/1595.jpg,0,Durian
Durian (durio zibethinus)/1596.jpg,0,Durian
Durian (durio zibethinus)/1597.jpg,0,Durian
Durian (durio zibethinus)/1598.jpg,0,Durian
Durian (durio zibethinus)/1599.jpg,0,Durian
Durian (durio zibethinus)/16.jpg,0,Durian
Durian (durio zibethinus)/160.jpg,0,Durian
Durian (durio zibethinus)/1600.jpg,0,Durian
Durian (durio zibethinus)/1601.jpg,0,Durian
Durian (durio zibethinus)/1602.jpg,0,Durian
Durian (durio zibethinus)/1603.jpg,0,Durian
Durian (durio zibethinus)/1604.jpg,0,Durian
Durian (durio zibethinus)/1605.jpg,0,Durian
Durian (durio zibethinus)/1606.jpg,0,Durian
Durian (durio zibethinus)/1607.jpg,0,Durian
Durian (durio zibethinus)/1608.jpg,0,Durian
Durian (durio zibethinus)/1609.jpg,0,Durian
Durian (durio zibethinus)/161.jpg,0,Durian
Durian (durio zibethinus)/1610.jpg,0,Durian
Durian (durio zibethinus)/1611.jpg,0,Durian
Durian (durio zibethinus)/1612.jpg,0,Durian
Durian (durio zibethinus)/1613.jpg,0,Durian
Durian (durio zibethinus)/1614.jpg,0,Durian
Durian (durio zibethinus)/1615.jpg,0,Durian
Durian (durio zibethinus)/1616.jpg,0,Durian
Durian (durio zibethinus)/1617.jpg,0,Durian
Durian (durio zibethinus)/1618.jpg,0,Durian
Durian (durio zibethinus)/1619.jpg,0,Durian
Durian (durio zibethinus)/162.jpg,0,Durian
Durian (durio zibethinus)/1620.jpg,0,Durian
Durian (durio zibethinus)/1621.jpg,0,Durian
Durian (durio zibethinus)/1622.jpg,0,Durian
Durian (durio zibethinus)/1623.jpg,0,Durian
Durian (durio zibethinus)/1624.jpg,0,Durian
Durian (durio zibethinus)/1625.jpg,0,Durian
Durian (durio zibethinus)/1626.jpg,0,Durian
Durian (durio zibethinus)/1627.jpg,0,Durian
Durian (durio zibethinus)/1628.jpg,0,Durian
Durian (durio zibethinus)/1629.jpg,0,Durian
Durian (durio zibethinus)/163.jpg,0,Durian
Durian (durio zibethinus)/1630.jpg,0,Durian
Durian (durio zibethinus)/1631.jpg,0,Durian
Durian (durio zibethinus)/1632.jpg,0,Durian
Durian (durio zibethinus)/1633.jpg,0,Durian
Durian (durio zibethinus)/1634.jpg,0,Durian
Durian (durio zibethinus)/1635.jpg,0,Durian
Durian (durio zibethinus)/1636.jpg,0,Durian
Durian (durio zibethinus)/1637.jpg,0,Durian
Durian (durio zibethinus)/1638.jpg,0,Durian
Durian (durio zibethinus)/1639.jpg,0,Durian
Durian (durio zibethinus)/164.jpg,0,Durian
Durian (durio zibethinus)/1640.jpg,0,Durian
Durian (durio zibethinus)/1641.jpg,0,Durian
Durian (durio zibethinus)/1642.jpg,0,Durian
Durian (durio zibethinus)/1643.jpg,0,Durian
Durian (durio zibethinus)/1644.jpg,0,Durian
Durian (durio zibethinus)/1645.jpg,0,Durian
Durian (durio zibethinus)/1646.jpg,0,Durian
Durian (durio zibethinus)/1647.jpg,0,Durian
Durian (durio zibethinus)/1648.jpg,0,Durian
Durian (durio zibethinus)/1649.jpg,0,Durian
Durian (durio zibethinus)/165.jpg,0,Durian
Durian (durio zibethinus)/1650.jpg,0,Durian
Durian (durio zibethinus)/1651.jpg,0,Durian
Durian (durio zibethinus)/1652.jpg,0,Durian
Durian (durio zibethinus)/1653.jpg,0,Durian
Durian (durio zibethinus)/1654.jpg,0,Durian
Durian (durio zibethinus)/1655.jpg,0,Durian
Durian (durio zibethinus)/1656.jpg,0,Durian
Durian (durio zibethinus)/1657.jpg,0,Durian
Durian (durio zibethinus)/1658.jpg,0,Durian
Durian (durio zibethinus)/1659.jpg,0,Durian
Durian (durio zibethinus)/166.jpg,0,Durian
Durian (durio zibethinus)/1660.jpg,0,Durian
Durian (durio zibethinus)/1661.jpg,0,Durian
Durian (durio zibethinus)/1662.jpg,0,Durian
Durian (durio zibethinus)/1663.jpg,0,Durian
Durian (durio zibethinus)/1664.jpg,0,Durian
Durian (durio zibethinus)/1665.jpg,0,Durian
Durian (durio zibethinus)/1666.jpg,0,Durian
Durian (durio zibethinus)/1667.jpg,0,Durian
Durian (durio zibethinus)/1668.jpg,0,Durian
Durian (durio zibethinus)/1669.jpg,0,Durian
Durian (durio zibethinus)/167.jpg,0,Durian
Durian (durio zibethinus)/1670.jpg,0,Durian
Durian (durio zibethinus)/1671.jpg,0,Durian
Durian (durio zibethinus)/1672.jpg,0,Durian
Durian (durio zibethinus)/1673.jpg,0,Durian
Durian (durio zibethinus)/1674.jpg,0,Durian
Durian (durio zibethinus)/1675.jpg,0,Durian
Durian (durio zibethinus)/1676.jpg,0,Durian
Durian (durio zibethinus)/1677.jpg,0,Durian
Durian (durio zibethinus)/1678.jpg,0,Durian
Durian (durio zibethinus)/1679.jpg,0,Durian
Durian (durio zibethinus)/168.jpg,0,Durian
Durian (durio zibethinus)/1680.jpg,0,Durian
Durian (durio zibethinus)/1681.jpg,0,Durian
Durian (durio zibethinus)/1682.jpg,0,Durian
Durian (durio zibethinus)/1683.jpg,0,Durian
Durian (durio zibethinus)/1684.jpg,0,Durian
Durian (durio zibethinus)/1685.jpg,0,Durian
Durian (durio zibethinus)/1686.jpg,0,Durian
Durian (durio zibethinus)/1687.jpg,0,Durian
Durian (durio zibethinus)/1688.jpg,0,Durian
Durian (durio zibethinus)/1689.jpg,0,Durian
Durian (durio zibethinus)/169.jpg,0,Durian
Durian (durio zibethinus)/1690.jpg,0,Durian
Durian (durio zibethinus)/1691.jpg,0,Durian
Durian (durio zibethinus)/1692.jpg,0,Durian
Durian (durio zibethinus)/1693.jpg,0,Durian
Durian (durio zibethinus)/1694.jpg,0,Durian
Durian (durio zibethinus)/1695.jpg,0,Durian
Durian (durio zibethinus)/1696.jpg,0,Durian
Durian (durio zibethinus)/1697.jpg,0,Durian
Durian (durio zibethinus)/1698.jpg,0,Durian
Durian (durio zibethinus)/1699.jpg,0,Durian
Durian (durio zibethinus)/17.jpg,0,Durian
Durian (durio zibethinus)/170.jpg,0,Durian
Durian (durio zibethinus)/1700.jpg,0,Durian
Durian (durio zibethinus)/1701.jpg,0,Durian
Durian (durio zibethinus)/1702.jpg,0,Durian
Durian (durio zibethinus)/1703.jpg,0,Durian
Durian (durio zibethinus)/1704.jpg,0,Durian
Durian (durio zibethinus)/1705.jpg,0,Durian
Durian (durio zibethinus)/1706.jpg,0,Durian
Durian (durio zibethinus)/1707.jpg,0,Durian
Durian (durio zibethinus)/1708.jpg,0,Durian
Durian (durio zibethinus)/1709.jpg,0,Durian
Durian (durio zibethinus)/171.jpg,0,Durian
Durian (durio zibethinus)/1710.jpg,0,Durian
Durian (durio zibethinus)/1711.jpg,0,Durian
Durian (durio zibethinus)/1712.jpg,0,Durian
Durian (durio zibethinus)/1713.jpg,0,Durian
Durian (durio zibethinus)/1714.jpg,0,Durian
Durian (durio zibethinus)/1715.jpg,0,Durian
Durian (durio zibethinus)/1716.jpg,0,Durian
Durian (durio zibethinus)/1717.jpg,0,Durian
Durian (durio zibethinus)/1718.jpg,0,Durian
Durian (durio zibethinus)/1719.jpg,0,Durian
Durian (durio zibethinus)/172.jpg,0,Durian
Durian (durio zibethinus)/1720.jpg,0,Durian
Durian (durio zibethinus)/1721.jpg,0,Durian
Durian (durio zibethinus)/1722.jpg,0,Durian
Durian (durio zibethinus)/1723.jpg,0,Durian
Durian (durio zibethinus)/1724.jpg,0,Durian
Durian (durio zibethinus)/1725.jpg,0,Durian
Durian (durio zibethinus)/1726.jpg,0,Durian
Durian (durio zibethinus)/1727.jpg,0,Durian
Durian (durio zibethinus)/1728.jpg,0,Durian
Durian (durio zibethinus)/1729.jpg,0,Durian
Durian (durio zibethinus)/173.jpg,0,Durian
Durian (durio zibethinus)/1730.jpg,0,Durian
Durian (durio zibethinus)/1731.jpg,0,Durian
Durian (durio zibethinus)/1732.jpg,0,Durian
Durian (durio zibethinus)/1733.jpg,0,Durian
Durian (durio zibethinus)/1734.jpg,0,Durian
Durian (durio zibethinus)/1735.jpg,0,Durian
Durian (durio zibethinus)/1736.jpg,0,Durian
Durian (durio zibethinus)/1737.jpg,0,Durian
Durian (durio zibethinus)/1738.jpg,0,Durian
Durian (durio zibethinus)/1739.jpg,0,Durian
Durian (durio zibethinus)/174.jpg,0,Durian
Durian (durio zibethinus)/1740.jpg,0,Durian
Durian (durio zibethinus)/1741.jpg,0,Durian
Durian (durio zibethinus)/1742.jpg,0,Durian
Durian (durio zibethinus)/1743.jpg,0,Durian
Durian (durio zibethinus)/1744.jpg,0,Durian
Durian (durio zibethinus)/1745.jpg,0,Durian
Durian (durio zibethinus)/1746.jpg,0,Durian
Durian (durio zibethinus)/1747.jpg,0,Durian
Durian (durio zibethinus)/1748.jpg,0,Durian
Durian (durio zibethinus)/1749.jpg,0,Durian
Durian (durio zibethinus)/175.jpg,0,Durian
Durian (durio zibethinus)/1750.jpg,0,Durian
Durian (durio zibethinus)/1751.jpg,0,Durian
Durian (durio zibethinus)/1752.jpg,0,Durian
Durian (durio zibethinus)/1753.jpg,0,Durian
Durian (durio zibethinus)/1754.jpg,0,Durian
Durian (durio zibethinus)/1755.jpg,0,Durian
Durian (durio zibethinus)/1756.jpg,0,Durian
Durian (durio zibethinus)/1757.jpg,0,Durian
Durian (durio zibethinus)/1758.jpg,0,Durian
Durian (durio zibethinus)/1759.jpg,0,Durian
Durian (durio zibethinus)/176.jpg,0,Durian
Durian (durio zibethinus)/1760.jpg,0,Durian
Durian (durio zibethinus)/1761.jpg,0,Durian
Durian (durio zibethinus)/1762.jpg,0,Durian
Durian (durio zibethinus)/1763.jpg,0,Durian
Durian (durio zibethinus)/1764.jpg,0,Durian
Durian (durio zibethinus)/1765.jpg,0,Durian
Durian (durio zibethinus)/1766.jpg,0,Durian
Durian (durio zibethinus)/1767.jpg,0,Durian
Durian (durio zibethinus)/1768.jpg,0,Durian
Durian (durio zibethinus)/1769.jpg,0,Durian
Durian (durio zibethinus)/177.jpg,0,Durian
Durian (durio zibethinus)/1770.jpg,0,Durian
Durian (durio zibethinus)/1771.jpg,0,Durian
Durian (durio zibethinus)/1772.jpg,0,Durian
Durian (durio zibethinus)/1773.jpg,0,Durian
Durian (durio zibethinus)/1774.jpg,0,Durian
Durian (durio zibethinus)/1775.jpg,0,Durian
Durian (durio zibethinus)/1776.jpg,0,Durian
Durian (durio zibethinus)/1777.jpg,0,Durian
Durian (durio zibethinus)/1778.jpg,0,Durian
Durian (durio zibethinus)/1779.jpg,0,Durian
Durian (durio zibethinus)/178.jpg,0,Durian
Durian (durio zibethinus)/1780.jpg,0,Durian
Durian (durio zibethinus)/1781.jpg,0,Durian
Durian (durio zibethinus)/1782.jpg,0,Durian
Durian (durio zibethinus)/1783.jpg,0,Durian
Durian (durio zibethinus)/1784.jpg,0,Durian
Durian (durio zibethinus)/1785.jpg,0,Durian
Durian (durio zibethinus)/1786.jpg,0,Durian
Durian (durio zibethinus)/1787.jpg,0,Durian
Durian (durio zibethinus)/1788.jpg,0,Durian
Durian (durio zibethinus)/1789.jpg,0,Durian
Durian (durio zibethinus)/179.jpg,0,Durian
Durian (durio zibethinus)/1790.jpg,0,Durian
Durian (durio zibethinus)/1791.jpg,0,Durian
Durian (durio zibethinus)/1792.jpg,0,Durian
Durian (durio zibethinus)/1793.jpg,0,Durian
Durian (durio zibethinus)/1794.jpg,0,Durian
Durian (durio zibethinus)/1795.jpg,0,Durian
Durian (durio zibethinus)/1796.jpg,0,Durian
Durian (durio zibethinus)/1797.jpg,0,Durian
Durian (durio zibethinus)/1798.jpg,0,Durian
Durian (durio zibethinus)/1799.jpg,0,Durian
Durian (durio zibethinus)/18.jpg,0,Durian
Durian (durio zibethinus)/180.jpg,0,Durian
Durian (durio zibethinus)/1800.jpg,0,Durian
Durian (durio zibethinus)/1801.jpg,0,Durian
Durian (durio zibethinus)/1802.jpg,0,Durian
Durian (durio zibethinus)/1803.jpg,0,Durian
Durian (durio zibethinus)/1804.jpg,0,Durian
Durian (durio zibethinus)/1805.jpg,0,Durian
Durian (durio zibethinus)/1806.jpg,0,Durian
Durian (durio zibethinus)/1807.jpg,0,Durian
Durian (durio zibethinus)/1808.jpg,0,Durian
Durian (durio zibethinus)/1809.jpg,0,Durian
Durian (durio zibethinus)/181.jpg,0,Durian
Durian (durio zibethinus)/1810.jpg,0,Durian
Durian (durio zibethinus)/1811.jpg,0,Durian
Durian (durio zibethinus)/1812.jpg,0,Durian
Durian (durio zibethinus)/1813.jpg,0,Durian
Durian (durio zibethinus)/1814.jpg,0,Durian
Durian (durio zibethinus)/1815.jpg,0,Durian
Durian (durio zibethinus)/1816.jpg,0,Durian
Durian (durio zibethinus)/1817.jpg,0,Durian
Durian (durio zibethinus)/1818.jpg,0,Durian
Durian (durio zibethinus)/1819.jpg,0,Durian
Durian (durio zibethinus)/182.jpg,0,Durian
Durian (durio zibethinus)/1820.jpg,0,Durian
Durian (durio zibethinus)/1821.jpg,0,Durian
Durian (durio zibethinus)/1822.jpg,0,Durian
Durian (durio zibethinus)/1823.jpg,0,Durian
Durian (durio zibethinus)/1824.jpg,0,Durian
Durian (durio zibethinus)/1825.jpg,0,Durian
Durian (durio zibethinus)/1826.jpg,0,Durian
Durian (durio zibethinus)/1827.jpg,0,Durian
Durian (durio zibethinus)/1828.jpg,0,Durian
Durian (durio zibethinus)/1829.jpg,0,Durian
Durian (durio zibethinus)/183.jpg,0,Durian
Durian (durio zibethinus)/1830.jpg,0,Durian
Durian (durio zibethinus)/1831.jpg,0,Durian
Durian (durio zibethinus)/1832.jpg,0,Durian
Durian (durio zibethinus)/1833.jpg,0,Durian
Durian (durio zibethinus)/1834.jpg,0,Durian
Durian (durio zibethinus)/1835.jpg,0,Durian
Durian (durio zibethinus)/1836.jpg,0,Durian
Durian (durio zibethinus)/1837.jpg,0,Durian
Durian (durio zibethinus)/1838.jpg,0,Durian
Durian (durio zibethinus)/1839.jpg,0,Durian
Durian (durio zibethinus)/184.jpg,0,Durian
Durian (durio zibethinus)/1840.jpg,0,Durian
Durian (durio zibethinus)/1841.jpg,0,Durian
Durian (durio zibethinus)/1842.jpg,0,Durian
Durian (durio zibethinus)/1843.jpg,0,Durian
Durian (durio zibethinus)/1844.jpg,0,Durian
Durian (durio zibethinus)/1845.jpg,0,Durian
Durian (durio zibethinus)/1846.jpg,0,Durian
Durian (durio zibethinus)/1847.jpg,0,Durian
Durian (durio zibethinus)/1848.jpg,0,Durian
Durian (durio zibethinus)/1849.jpg,0,Durian
Durian (durio zibethinus)/185.jpg,0,Durian
Durian (durio zibethinus)/1850.jpg,0,Durian
Durian (durio zibethinus)/1851.jpg,0,Durian
Durian (durio zibethinus)/1852.jpg,0,Durian
Durian (durio zibethinus)/1853.jpg,0,Durian
Durian (durio zibethinus)/1854.jpg,0,Durian
Durian (durio zibethinus)/1855.jpg,0,Durian
Durian (durio zibethinus)/1856.jpg,0,Durian
Durian (durio zibethinus)/1857.jpg,0,Durian
Durian (durio zibethinus)/1858.jpg,0,Durian
Durian (durio zibethinus)/1859.jpg,0,Durian
Durian (durio zibethinus)/186.jpg,0,Durian
Durian (durio zibethinus)/1860.jpg,0,Durian
Durian (durio zibethinus)/1861.jpg,0,Durian
Durian (durio zibethinus)/1862.jpg,0,Durian
Durian (durio zibethinus)/1863.jpg,0,Durian
Durian (durio zibethinus)/1864.jpg,0,Durian
Durian (durio zibethinus)/1865.jpg,0,Durian
Durian (durio zibethinus)/1866.jpg,0,Durian
Durian (durio zibethinus)/1867.jpg,0,Durian
Durian (durio zibethinus)/1868.jpg,0,Durian
Durian (durio zibethinus)/1869.jpg,0,Durian
Durian (durio zibethinus)/187.jpg,0,Durian
Durian (durio zibethinus)/1870.jpg,0,Durian
Durian (durio zibethinus)/1871.jpg,0,Durian
Durian (durio zibethinus)/1872.jpg,0,Durian
Durian (durio zibethinus)/1873.jpg,0,Durian
Durian (durio zibethinus)/1874.jpg,0,Durian
Durian (durio zibethinus)/1875.jpg,0,Durian
Durian (durio zibethinus)/1876.jpg,0,Durian
Durian (durio zibethinus)/1877.jpg,0,Durian
Durian (durio zibethinus)/1878.jpg,0,Durian
Durian (durio zibethinus)/1879.jpg,0,Durian
Durian (durio zibethinus)/188.jpg,0,Durian
Durian (durio zibethinus)/1880.jpg,0,Durian
Durian (durio zibethinus)/1881.jpg,0,Durian
Durian (durio zibethinus)/1882.jpg,0,Durian
Durian (durio zibethinus)/1883.jpg,0,Durian
Durian (durio zibethinus)/1884.jpg,0,Durian
Durian (durio zibethinus)/1885.jpg,0,Durian
Durian (durio zibethinus)/1886.jpg,0,Durian
Durian (durio zibethinus)/1887.jpg,0,Durian
Durian (durio zibethinus)/1888.jpg,0,Durian
Durian (durio zibethinus)/1889.jpg,0,Durian
Durian (durio zibethinus)/189.jpg,0,Durian
Durian (durio zibethinus)/1890.jpg,0,Durian
Durian (durio zibethinus)/1891.jpg,0,Durian
Durian (durio zibethinus)/1892.jpg,0,Durian
Durian (durio zibethinus)/1893.jpg,0,Durian
Durian (durio zibethinus)/1894.jpg,0,Durian
Durian (durio zibethinus)/1895.jpg,0,Durian
Durian (durio zibethinus)/1896.jpg,0,Durian
Durian (durio zibethinus)/1897.jpg,0,Durian
Durian (durio zibethinus)/1898.jpg,0,Durian
Durian (durio zibethinus)/1899.jpg,0,Durian
Durian (durio zibethinus)/19.jpg,0,Durian
Durian (durio zibethinus)/190.jpg,0,Durian
Durian (durio zibethinus)/1900.jpg,0,Durian
Durian (durio zibethinus)/1901.jpg,0,Durian
Durian (durio zibethinus)/1902.jpg,0,Durian
Durian (durio zibethinus)/1903.jpg,0,Durian
Durian (durio zibethinus)/1904.jpg,0,Durian
Durian (durio zibethinus)/1905.jpg,0,Durian
Durian (durio zibethinus)/1906.jpg,0,Durian
Durian (durio zibethinus)/1907.jpg,0,Durian
Durian (durio zibethinus)/1908.jpg,0,Durian
Durian (durio zibethinus)/1909.jpg,0,Durian
Durian (durio zibethinus)/191.jpg,0,Durian
Durian (durio zibethinus)/1910.jpg,0,Durian
Durian (durio zibethinus)/1911.jpg,0,Durian
Durian (durio zibethinus)/1912.jpg,0,Durian
Durian (durio zibethinus)/1913.jpg,0,Durian
Durian (durio zibethinus)/1914.jpg,0,Durian
Durian (durio zibethinus)/1915.jpg,0,Durian
Durian (durio zibethinus)/1916.jpg,0,Durian
Durian (durio zibethinus)/1917.jpg,0,Durian
Durian (durio zibethinus)/1918.jpg,0,Durian
Durian (durio zibethinus)/1919.jpg,0,Durian
Durian (durio zibethinus)/192.jpg,0,Durian
Durian (durio zibethinus)/1920.jpg,0,Durian
Durian (durio zibethinus)/1921.jpg,0,Durian
Durian (durio zibethinus)/1922.jpg,0,Durian
Durian (durio zibethinus)/1923.jpg,0,Durian
Durian (durio zibethinus)/1924.jpg,0,Durian
Durian (durio zibethinus)/1925.jpg,0,Durian
Durian (durio zibethinus)/1926.jpg,0,Durian
Durian (durio zibethinus)/1927.jpg,0,Durian
Durian (durio zibethinus)/1928.jpg,0,Durian
Durian (durio zibethinus)/1929.jpg,0,Durian
Durian (durio zibethinus)/193.jpg,0,Durian
Durian (durio zibethinus)/1930.jpg,0,Durian
Durian (durio zibethinus)/1931.jpg,0,Durian
Durian (durio zibethinus)/1932.jpg,0,Durian
Durian (durio zibethinus)/1933.jpg,0,Durian
Durian (durio zibethinus)/1934.jpg,0,Durian
Durian (durio zibethinus)/1935.jpg,0,Durian
Durian (durio zibethinus)/1936.jpg,0,Durian
Durian (durio zibethinus)/1937.jpg,0,Durian
Durian (durio zibethinus)/1938.jpg,0,Durian
Durian (durio zibethinus)/1939.jpg,0,Durian
Durian (durio zibethinus)/194.jpg,0,Durian
Durian (durio zibethinus)/1940.jpg,0,Durian
Durian (durio zibethinus)/1941.jpg,0,Durian
Durian (durio zibethinus)/1942.jpg,0,Durian
Durian (durio zibethinus)/1943.jpg,0,Durian
Durian (durio zibethinus)/1944.jpg,0,Durian
Durian (durio zibethinus)/1945.jpg,0,Durian
Durian (durio zibethinus)/1946.jpg,0,Durian
Durian (durio zibethinus)/1947.jpg,0,Durian
Durian (durio zibethinus)/1948.jpg,0,Durian
Durian (durio zibethinus)/1949.jpg,0,Durian
Durian (durio zibethinus)/195.jpg,0,Durian
Durian (durio zibethinus)/1950.jpg,0,Durian
Durian (durio zibethinus)/1951.jpg,0,Durian
Durian (durio zibethinus)/1952.jpg,0,Durian
Durian (durio zibethinus)/1953.jpg,0,Durian
Durian (durio zibethinus)/1954.jpg,0,Durian
Durian (durio zibethinus)/1955.jpg,0,Durian
Durian (durio zibethinus)/1956.jpg,0,Durian
Durian (durio zibethinus)/1957.jpg,0,Durian
Durian (durio zibethinus)/1958.jpg,0,Durian
Durian (durio zibethinus)/1959.jpg,0,Durian
Durian (durio zibethinus)/196.jpg,0,Durian
Durian (durio zibethinus)/1960.jpg,0,Durian
Durian (durio zibethinus)/1961.jpg,0,Durian
Durian (durio zibethinus)/1962.jpg,0,Durian
Durian (durio zibethinus)/1963.jpg,0,Durian
Durian (durio zibethinus)/1964.jpg,0,Durian
Durian (durio zibethinus)/1965.jpg,0,Durian
Durian (durio zibethinus)/1966.jpg,0,Durian
Durian (durio zibethinus)/1967.jpg,0,Durian
Durian (durio zibethinus)/1968.jpg,0,Durian
Durian (durio zibethinus)/1969.jpg,0,Durian
Durian (durio zibethinus)/197.jpg,0,Durian
Durian (durio zibethinus)/1970.jpg,0,Durian
Durian (durio zibethinus)/1971.jpg,0,Durian
Durian (durio zibethinus)/1972.jpg,0,Durian
Durian (durio zibethinus)/1973.jpg,0,Durian
Durian (durio zibethinus)/1974.jpg,0,Durian
Durian (durio zibethinus)/1975.jpg,0,Durian
Durian (durio zibethinus)/1976.jpg,0,Durian
Durian (durio zibethinus)/1977.jpg,0,Durian
Durian (durio zibethinus)/1978.jpg,0,Durian
Durian (durio zibethinus)/1979.jpg,0,Durian
Durian (durio zibethinus)/198.jpg,0,Durian
Durian (durio zibethinus)/1980.jpg,0,Durian
Durian (durio zibethinus)/1981.jpg,0,Durian
Durian (durio zibethinus)/1982.jpg,0,Durian
Durian (durio zibethinus)/1983.jpg,0,Durian
Durian (durio zibethinus)/1984.jpg,0,Durian
Durian (durio zibethinus)/1985.jpg,0,Durian
Durian (durio zibethinus)/1986.jpg,0,Durian
Durian (durio zibethinus)/1987.jpg,0,Durian
Durian (durio zibethinus)/1988.jpg,0,Durian
Durian (durio zibethinus)/1989.jpg,0,Durian
Durian (durio zibethinus)/199.jpg,0,Durian
Durian (durio zibethinus)/1990.jpg,0,Durian
Durian (durio zibethinus)/1991.jpg,0,Durian
Durian (durio zibethinus)/1992.jpg,0,Durian
Durian (durio zibethinus)/1993.jpg,0,Durian
Durian (durio zibethinus)/1994.jpg,0,Durian
Durian (durio zibethinus)/1995.jpg,0,Durian
Durian (durio zibethinus)/1996.jpg,0,Durian
Durian (durio zibethinus)/1997.jpg,0,Durian
Durian (durio zibethinus)/1998.jpg,0,Durian
Durian (durio zibethinus)/1999.jpg,0,Durian
Durian (durio zibethinus)/2.jpg,0,Durian
Durian (durio zibethinus)/20.jpg,0,Durian
Durian (durio zibethinus)/200.jpg,0,Durian
Durian (durio zibethinus)/2000.jpg,0,Durian
Durian (durio zibethinus)/2001.jpg,0,Durian
Durian (durio zibethinus)/2002.jpg,0,Durian
Durian (durio zibethinus)/2003.jpg,0,Durian
Durian (durio zibethinus)/2004.jpg,0,Durian
Durian (durio zibethinus)/2005.jpg,0,Durian
Durian (durio zibethinus)/2006.jpg,0,Durian
Durian (durio zibethinus)/2007.jpg,0,Durian
Durian (durio zibethinus)/2008.jpg,0,Durian
Durian (durio zibethinus)/2009.jpg,0,Durian
Durian (durio zibethinus)/201.jpg,0,Durian
Durian (durio zibethinus)/2010.jpg,0,Durian
Durian (durio zibethinus)/2011.jpg,0,Durian
Durian (durio zibethinus)/2012.jpg,0,Durian
Durian (durio zibethinus)/2013.jpg,0,Durian
Durian (durio zibethinus)/2014.jpg,0,Durian
Durian (durio zibethinus)/2015.jpg,0,Durian
Durian (durio zibethinus)/2016.jpg,0,Durian
Durian (durio zibethinus)/2017.jpg,0,Durian
Durian (durio zibethinus)/2018.jpg,0,Durian
Durian (durio zibethinus)/2019.jpg,0,Durian
Durian (durio zibethinus)/202.jpg,0,Durian
Durian (durio zibethinus)/2020.jpg,0,Durian
Durian (durio zibethinus)/2021.jpg,0,Durian
Durian (durio zibethinus)/2022.jpg,0,Durian
Durian (durio zibethinus)/2023.jpg,0,Durian
Durian (durio zibethinus)/2024.jpg,0,Durian
Durian (durio zibethinus)/2025.jpg,0,Durian
Durian (durio zibethinus)/2026.jpg,0,Durian
Durian (durio zibethinus)/2027.jpg,0,Durian
Durian (durio zibethinus)/2028.jpg,0,Durian
Durian (durio zibethinus)/2029.jpg,0,Durian
Durian (durio zibethinus)/203.jpg,0,Durian
Durian (durio zibethinus)/2030.jpg,0,Durian
Durian (durio zibethinus)/2031.jpg,0,Durian
Durian (durio zibethinus)/2032.jpg,0,Durian
Durian (durio zibethinus)/2033.jpg,0,Durian
Durian (durio zibethinus)/2034.jpg,0,Durian
Durian (durio zibethinus)/2035.jpg,0,Durian
Durian (durio zibethinus)/2036.jpg,0,Durian
Durian (durio zibethinus)/2037.jpg,0,Durian
Durian (durio zibethinus)/2038.jpg,0,Durian
Durian (durio zibethinus)/2039.jpg,0,Durian
Durian (durio zibethinus)/204.jpg,0,Durian
Durian (durio zibethinus)/2040.jpg,0,Durian
Durian (durio zibethinus)/2041.jpg,0,Durian
Durian (durio zibethinus)/2042.jpg,0,Durian
Durian (durio zibethinus)/2043.jpg,0,Durian
Durian (durio zibethinus)/2044.jpg,0,Durian
Durian (durio zibethinus)/2045.jpg,0,Durian
Durian (durio zibethinus)/2046.jpg,0,Durian
Durian (durio zibethinus)/2047.jpg,0,Durian
Durian (durio zibethinus)/2048.jpg,0,Durian
Durian (durio zibethinus)/2049.jpg,0,Durian
Durian (durio zibethinus)/205.jpg,0,Durian
Durian (durio zibethinus)/2050.jpg,0,Durian
Durian (durio zibethinus)/2051.jpg,0,Durian
Durian (durio zibethinus)/2052.jpg,0,Durian
Durian (durio zibethinus)/2053.jpg,0,Durian
Durian (durio zibethinus)/2054.jpg,0,Durian
Durian (durio zibethinus)/2055.jpg,0,Durian
Durian (durio zibethinus)/2056.jpg,0,Durian
Durian (durio zibethinus)/2057.jpg,0,Durian
Durian (durio zibethinus)/2058.jpg,0,Durian
Durian (durio zibethinus)/2059.jpg,0,Durian
Durian (durio zibethinus)/206.jpg,0,Durian
Durian (durio zibethinus)/2060.jpg,0,Durian
Durian (durio zibethinus)/2061.jpg,0,Durian
Durian (durio zibethinus)/2062.jpg,0,Durian
Durian (durio zibethinus)/2063.jpg,0,Durian
Durian (durio zibethinus)/2064.jpg,0,Durian
Durian (durio zibethinus)/2065.jpg,0,Durian
Durian (durio zibethinus)/2066.jpg,0,Durian
Durian (durio zibethinus)/2067.jpg,0,Durian
Durian (durio zibethinus)/2068.jpg,0,Durian
Durian (durio zibethinus)/2069.jpg,0,Durian
Durian (durio zibethinus)/207.jpg,0,Durian
Durian (durio zibethinus)/2070.jpg,0,Durian
Durian (durio zibethinus)/2071.jpg,0,Durian
Durian (durio zibethinus)/2072.jpg,0,Durian
Durian (durio zibethinus)/2073.jpg,0,Durian
Durian (durio zibethinus)/2074.jpg,0,Durian
Durian (durio zibethinus)/2075.jpg,0,Durian
Durian (durio zibethinus)/2076.jpg,0,Durian
Durian (durio zibethinus)/2077.jpg,0,Durian
Durian (durio zibethinus)/2078.jpg,0,Durian
Durian (durio zibethinus)/2079.jpg,0,Durian
Durian (durio zibethinus)/208.jpg,0,Durian
Durian (durio zibethinus)/2080.jpg,0,Durian
Durian (durio zibethinus)/2081.jpg,0,Durian
Durian (durio zibethinus)/2082.jpg,0,Durian
Durian (durio zibethinus)/2083.jpg,0,Durian
Durian (durio zibethinus)/2084.jpg,0,Durian
Durian (durio zibethinus)/2085.jpg,0,Durian
Durian (durio zibethinus)/2086.jpg,0,Durian
Durian (durio zibethinus)/2087.jpg,0,Durian
Durian (durio zibethinus)/2088.jpg,0,Durian
Durian (durio zibethinus)/2089.jpg,0,Durian
Durian (durio zibethinus)/209.jpg,0,Durian
Durian (durio zibethinus)/2090.jpg,0,Durian
Durian (durio zibethinus)/2091.jpg,0,Durian
Durian (durio zibethinus)/2092.jpg,0,Durian
Durian (durio zibethinus)/2093.jpg,0,Durian
Durian (durio zibethinus)/2094.jpg,0,Durian
Durian (durio zibethinus)/2095.jpg,0,Durian
Durian (durio zibethinus)/2096.jpg,0,Durian
Durian (durio zibethinus)/2097.jpg,0,Durian
Durian (durio zibethinus)/2098.jpg,0,Durian
Durian (durio zibethinus)/2099.jpg,0,Durian
Durian (durio zibethinus)/21.jpg,0,Durian
Durian (durio zibethinus)/210.jpg,0,Durian
Durian (durio zibethinus)/2100.jpg,0,Durian
Durian (durio zibethinus)/2101.jpg,0,Durian
Durian (durio zibethinus)/2102.jpg,0,Durian
Durian (durio zibethinus)/2103.jpg,0,Durian
Durian (durio zibethinus)/2104.jpg,0,Durian
Durian (durio zibethinus)/2105.jpg,0,Durian
Durian (durio zibethinus)/2106.jpg,0,Durian
Durian (durio zibethinus)/2107.jpg,0,Durian
Durian (durio zibethinus)/2108.jpg,0,Durian
Durian (durio zibethinus)/2109.jpg,0,Durian
Durian (durio zibethinus)/211.jpg,0,Durian
Durian (durio zibethinus)/2110.jpg,0,Durian
Durian (durio zibethinus)/2111.jpg,0,Durian
Durian (durio zibethinus)/2112.jpg,0,Durian
Durian (durio zibethinus)/2113.jpg,0,Durian
Durian (durio zibethinus)/2114.jpg,0,Durian
Durian (durio zibethinus)/2115.jpg,0,Durian
Durian (durio zibethinus)/2116.jpg,0,Durian
Durian (durio zibethinus)/2117.jpg,0,Durian
Durian (durio zibethinus)/2118.jpg,0,Durian
Durian (durio zibethinus)/2119.jpg,0,Durian
Durian (durio zibethinus)/212.jpg,0,Durian
Durian (durio zibethinus)/2120.jpg,0,Durian
Durian (durio zibethinus)/2121.jpg,0,Durian
Durian (durio zibethinus)/2122.jpg,0,Durian
Durian (durio zibethinus)/2123.jpg,0,Durian
Durian (durio zibethinus)/2124.jpg,0,Durian
Durian (durio zibethinus)/2125.jpg,0,Durian
Durian (durio zibethinus)/2126.jpg,0,Durian
Durian (durio zibethinus)/2127.jpg,0,Durian
Durian (durio zibethinus)/2128.jpg,0,Durian
Durian (durio zibethinus)/2129.jpg,0,Durian
Durian (durio zibethinus)/213.jpg,0,Durian
Durian (durio zibethinus)/2130.jpg,0,Durian
Durian (durio zibethinus)/2131.jpg,0,Durian
Durian (durio zibethinus)/2132.jpg,0,Durian
Durian (durio zibethinus)/2133.jpg,0,Durian
Durian (durio zibethinus)/2134.jpg,0,Durian
Durian (durio zibethinus)/2135.jpg,0,Durian
Durian (durio zibethinus)/2136.jpg,0,Durian
Durian (durio zibethinus)/2137.jpg,0,Durian
Durian (durio zibethinus)/2138.jpg,0,Durian
Durian (durio zibethinus)/2139.jpg,0,Durian
Durian (durio zibethinus)/214.jpg,0,Durian
Durian (durio zibethinus)/2140.jpg,0,Durian
Durian (durio zibethinus)/2141.jpg,0,Durian
Durian (durio zibethinus)/2142.jpg,0,Durian
Durian (durio zibethinus)/2143.jpg,0,Durian
Durian (durio zibethinus)/2144.jpg,0,Durian
Durian (durio zibethinus)/2145.jpg,0,Durian
Durian (durio zibethinus)/2146.jpg,0,Durian
Durian (durio zibethinus)/2147.jpg,0,Durian
Durian (durio zibethinus)/2148.jpg,0,Durian
Durian (durio zibethinus)/2149.jpg,0,Durian
Durian (durio zibethinus)/215.jpg,0,Durian
Durian (durio zibethinus)/2150.jpg,0,Durian
Durian (durio zibethinus)/2151.jpg,0,Durian
Durian (durio zibethinus)/2152.jpg,0,Durian
Durian (durio zibethinus)/2153.jpg,0,Durian
Durian (durio zibethinus)/2154.jpg,0,Durian
Durian (durio zibethinus)/2155.jpg,0,Durian
Durian (durio zibethinus)/2156.jpg,0,Durian
Durian (durio zibethinus)/2157.jpg,0,Durian
Durian (durio zibethinus)/2158.jpg,0,Durian
Durian (durio zibethinus)/2159.jpg,0,Durian
Durian (durio zibethinus)/216.jpg,0,Durian
Durian (durio zibethinus)/2160.jpg,0,Durian
Durian (durio zibethinus)/2161.jpg,0,Durian
Durian (durio zibethinus)/2162.jpg,0,Durian
Durian (durio zibethinus)/2163.jpg,0,Durian
Durian (durio zibethinus)/2164.jpg,0,Durian
Durian (durio zibethinus)/2165.jpg,0,Durian
Durian (durio zibethinus)/2166.jpg,0,Durian
Durian (durio zibethinus)/2167.jpg,0,Durian
Durian (durio zibethinus)/2168.jpg,0,Durian
Durian (durio zibethinus)/2169.jpg,0,Durian
Durian (durio zibethinus)/217.jpg,0,Durian
Durian (durio zibethinus)/2170.jpg,0,Durian
Durian (durio zibethinus)/2171.jpg,0,Durian
Durian (durio zibethinus)/2172.jpg,0,Durian
Durian (durio zibethinus)/2173.jpg,0,Durian
Durian (durio zibethinus)/2174.jpg,0,Durian
Durian (durio zibethinus)/2175.jpg,0,Durian
Durian (durio zibethinus)/2176.jpg,0,Durian
Durian (durio zibethinus)/2177.jpg,0,Durian
Durian (durio zibethinus)/2178.jpg,0,Durian
Durian (durio zibethinus)/2179.jpg,0,Durian
Durian (durio zibethinus)/218.jpg,0,Durian
Durian (durio zibethinus)/2180.jpg,0,Durian
Durian (durio zibethinus)/2181.jpg,0,Durian
Durian (durio zibethinus)/2182.jpg,0,Durian
Durian (durio zibethinus)/2183.jpg,0,Durian
Durian (durio zibethinus)/2184.jpg,0,Durian
Durian (durio zibethinus)/2185.jpg,0,Durian
Durian (durio zibethinus)/2186.jpg,0,Durian
Durian (durio zibethinus)/2187.jpg,0,Durian
Durian (durio zibethinus)/2188.jpg,0,Durian
Durian (durio zibethinus)/2189.jpg,0,Durian
Durian (durio zibethinus)/219.jpg,0,Durian
Durian (durio zibethinus)/2190.jpg,0,Durian
Durian (durio zibethinus)/2191.jpg,0,Durian
Durian (durio zibethinus)/2192.jpg,0,Durian
Durian (durio zibethinus)/2193.jpg,0,Durian
Durian (durio zibethinus)/2194.jpg,0,Durian
Durian (durio zibethinus)/2195.jpg,0,Durian
Durian (durio zibethinus)/2196.jpg,0,Durian
Durian (durio zibethinus)/2197.jpg,0,Durian
Durian (durio zibethinus)/2198.jpg,0,Durian
Durian (durio zibethinus)/2199.jpg,0,Durian
Durian (durio zibethinus)/22.jpg,0,Durian
Durian (durio zibethinus)/220.jpg,0,Durian
Durian (durio zibethinus)/2200.jpg,0,Durian
Durian (durio zibethinus)/2201.jpg,0,Durian
Durian (durio zibethinus)/2202.jpg,0,Durian
Durian (durio zibethinus)/2203.jpg,0,Durian
Durian (durio zibethinus)/2204.jpg,0,Durian
Durian (durio zibethinus)/2205.jpg,0,Durian
Durian (durio zibethinus)/2206.jpg,0,Durian
Durian (durio zibethinus)/2207.jpg,0,Durian
Durian (durio zibethinus)/2208.jpg,0,Durian
Durian (durio zibethinus)/2209.jpg,0,Durian
Durian (durio zibethinus)/221.jpg,0,Durian
Durian (durio zibethinus)/2210.jpg,0,Durian
Durian (durio zibethinus)/2211.jpg,0,Durian
Durian (durio zibethinus)/2212.jpg,0,Durian
Durian (durio zibethinus)/2213.jpg,0,Durian
Durian (durio zibethinus)/2214.jpg,0,Durian
Durian (durio zibethinus)/2215.jpg,0,Durian
Durian (durio zibethinus)/2216.jpg,0,Durian
Durian (durio zibethinus)/2217.jpg,0,Durian
Durian (durio zibethinus)/2218.jpg,0,Durian
Durian (durio zibethinus)/2219.jpg,0,Durian
Durian (durio zibethinus)/222.jpg,0,Durian
Durian (durio zibethinus)/2220.jpg,0,Durian
Durian (durio zibethinus)/2221.jpg,0,Durian
Durian (durio zibethinus)/2222.jpg,0,Durian
Durian (durio zibethinus)/2223.jpg,0,Durian
Durian (durio zibethinus)/2224.jpg,0,Durian
Durian (durio zibethinus)/2225.jpg,0,Durian
Durian (durio zibethinus)/2226.jpg,0,Durian
Durian (durio zibethinus)/2227.jpg,0,Durian
Durian (durio zibethinus)/2228.jpg,0,Durian
Durian (durio zibethinus)/2229.jpg,0,Durian
Durian (durio zibethinus)/223.jpg,0,Durian
Durian (durio zibethinus)/2230.jpg,0,Durian
Durian (durio zibethinus)/2231.jpg,0,Durian
Durian (durio zibethinus)/2232.jpg,0,Durian
Durian (durio zibethinus)/2233.jpg,0,Durian
Durian (durio zibethinus)/2234.jpg,0,Durian
Durian (durio zibethinus)/2235.jpg,0,Durian
Durian (durio zibethinus)/2236.jpg,0,Durian
Durian (durio zibethinus)/2237.jpg,0,Durian
Durian (durio zibethinus)/2238.jpg,0,Durian
Durian (durio zibethinus)/2239.jpg,0,Durian
Durian (durio zibethinus)/224.jpg,0,Durian
Durian (durio zibethinus)/2240.jpg,0,Durian
Durian (durio zibethinus)/2241.jpg,0,Durian
Durian (durio zibethinus)/2242.jpg,0,Durian
Durian (durio zibethinus)/2243.jpg,0,Durian
Durian (durio zibethinus)/2244.jpg,0,Durian
Durian (durio zibethinus)/2245.jpg,0,Durian
Durian (durio zibethinus)/2246.jpg,0,Durian
Durian (durio zibethinus)/2247.jpg,0,Durian
Durian (durio zibethinus)/2248.jpg,0,Durian
Durian (durio zibethinus)/2249.jpg,0,Durian
Durian (durio zibethinus)/225.jpg,0,Durian
Durian (durio zibethinus)/2250.jpg,0,Durian
Durian (durio zibethinus)/2251.jpg,0,Durian
Durian (durio zibethinus)/2252.jpg,0,Durian
Durian (durio zibethinus)/2253.jpg,0,Durian
Durian (durio zibethinus)/2254.jpg,0,Durian
Durian (durio zibethinus)/2255.jpg,0,Durian
Durian (durio zibethinus)/2256.jpg,0,Durian
Durian (durio zibethinus)/2257.jpg,0,Durian
Durian (durio zibethinus)/2258.jpg,0,Durian
Durian (durio zibethinus)/2259.jpg,0,Durian
Durian (durio zibethinus)/226.jpg,0,Durian
Durian (durio zibethinus)/2260.jpg,0,Durian
Durian (durio zibethinus)/2261.jpg,0,Durian
Durian (durio zibethinus)/2262.jpg,0,Durian
Durian (durio zibethinus)/2263.jpg,0,Durian
Durian (durio zibethinus)/2264.jpg,0,Durian
Durian (durio zibethinus)/2265.jpg,0,Durian
Durian (durio zibethinus)/2266.jpg,0,Durian
Durian (durio zibethinus)/2267.jpg,0,Durian
Durian (durio zibethinus)/2268.jpg,0,Durian
Durian (durio zibethinus)/2269.jpg,0,Durian
Durian (durio zibethinus)/227.jpg,0,Durian
Durian (durio zibethinus)/2270.jpg,0,Durian
Durian (durio zibethinus)/2271.jpg,0,Durian
Durian (durio zibethinus)/2272.jpg,0,Durian
Durian (durio zibethinus)/2273.jpg,0,Durian
Durian (durio zibethinus)/2274.jpg,0,Durian
Durian (durio zibethinus)/2275.jpg,0,Durian
Durian (durio zibethinus)/2276.jpg,0,Durian
Durian (durio zibethinus)/2277.jpg,0,Durian
Durian (durio zibethinus)/2278.jpg,0,Durian
Durian (durio zibethinus)/2279.jpg,0,Durian
Durian (durio zibethinus)/228.jpg,0,Durian
Durian (durio zibethinus)/2280.jpg,0,Durian
Durian (durio zibethinus)/2281.jpg,0,Durian
Durian (durio zibethinus)/2282.jpg,0,Durian
Durian (durio zibethinus)/2283.jpg,0,Durian
Durian (durio zibethinus)/2284.jpg,0,Durian
Durian (durio zibethinus)/2285.jpg,0,Durian
Durian (durio zibethinus)/2286.jpg,0,Durian
Durian (durio zibethinus)/2287.jpg,0,Durian
Durian (durio zibethinus)/2288.jpg,0,Durian
Durian (durio zibethinus)/2289.jpg,0,Durian
Durian (durio zibethinus)/229.jpg,0,Durian
Durian (durio zibethinus)/2290.jpg,0,Durian
Durian (durio zibethinus)/2291.jpg,0,Durian
Durian (durio zibethinus)/2292.jpg,0,Durian
Durian (durio zibethinus)/2293.jpg,0,Durian
Durian (durio zibethinus)/2294.jpg,0,Durian
Durian (durio zibethinus)/2295.jpg,0,Durian
Durian (durio zibethinus)/2296.jpg,0,Durian
Durian (durio zibethinus)/2297.jpg,0,Durian
Durian (durio zibethinus)/2298.jpg,0,Durian
Durian (durio zibethinus)/2299.jpg,0,Durian
Durian (durio zibethinus)/23.jpg,0,Durian
Durian (durio zibethinus)/230.jpg,0,Durian
Durian (durio zibethinus)/2300.jpg,0,Durian
Durian (durio zibethinus)/2301.jpg,0,Durian
Durian (durio zibethinus)/2302.jpg,0,Durian
Durian (durio zibethinus)/2303.jpg,0,Durian
Durian (durio zibethinus)/2304.jpg,0,Durian
Durian (durio zibethinus)/2305.jpg,0,Durian
Durian (durio zibethinus)/2306.jpg,0,Durian
Durian (durio zibethinus)/2307.jpg,0,Durian
Durian (durio zibethinus)/2308.jpg,0,Durian
Durian (durio zibethinus)/2309.jpg,0,Durian
Durian (durio zibethinus)/231.jpg,0,Durian
Durian (durio zibethinus)/2310.jpg,0,Durian
Durian (durio zibethinus)/2311.jpg,0,Durian
Durian (durio zibethinus)/2312.jpg,0,Durian
Durian (durio zibethinus)/2313.jpg,0,Durian
Durian (durio zibethinus)/2314.jpg,0,Durian
Durian (durio zibethinus)/2315.jpg,0,Durian
Durian (durio zibethinus)/2316.jpg,0,Durian
Durian (durio zibethinus)/2317.jpg,0,Durian
Durian (durio zibethinus)/2318.jpg,0,Durian
Durian (durio zibethinus)/2319.jpg,0,Durian
Durian (durio zibethinus)/232.jpg,0,Durian
Durian (durio zibethinus)/2320.jpg,0,Durian
Durian (durio zibethinus)/2321.jpg,0,Durian
Durian (durio zibethinus)/2322.jpg,0,Durian
Durian (durio zibethinus)/2323.jpg,0,Durian
Durian (durio zibethinus)/2324.jpg,0,Durian
Durian (durio zibethinus)/2325.jpg,0,Durian
Durian (durio zibethinus)/2326.jpg,0,Durian
Durian (durio zibethinus)/2327.jpg,0,Durian
Durian (durio zibethinus)/2328.jpg,0,Durian
Durian (durio zibethinus)/2329.jpg,0,Durian
Durian (durio zibethinus)/233.jpg,0,Durian
Durian (durio zibethinus)/2330.jpg,0,Durian
Durian (durio zibethinus)/2331.jpg,0,Durian
Durian (durio zibethinus)/2332.jpg,0,Durian
Durian (durio zibethinus)/2333.jpg,0,Durian
Durian (durio zibethinus)/2334.jpg,0,Durian
Durian (durio zibethinus)/2335.jpg,0,Durian
Durian (durio zibethinus)/2336.jpg,0,Durian
Durian (durio zibethinus)/2337.jpg,0,Durian
Durian (durio zibethinus)/2338.jpg,0,Durian
Durian (durio zibethinus)/2339.jpg,0,Durian
Durian (durio zibethinus)/234.jpg,0,Durian
Durian (durio zibethinus)/2340.jpg,0,Durian
Durian (durio zibethinus)/2341.jpg,0,Durian
Durian (durio zibethinus)/2342.jpg,0,Durian
Durian (durio zibethinus)/2343.jpg,0,Durian
Durian (durio zibethinus)/2344.jpg,0,Durian
Durian (durio zibethinus)/2345.jpg,0,Durian
Durian (durio zibethinus)/2346.jpg,0,Durian
Durian (durio zibethinus)/2347.jpg,0,Durian
Durian (durio zibethinus)/2348.jpg,0,Durian
Durian (durio zibethinus)/2349.jpg,0,Durian
Durian (durio zibethinus)/235.jpg,0,Durian
Durian (durio zibethinus)/2350.jpg,0,Durian
Durian (durio zibethinus)/2351.jpg,0,Durian
Durian (durio zibethinus)/2352.jpg,0,Durian
Durian (durio zibethinus)/2353.jpg,0,Durian
Durian (durio zibethinus)/2354.jpg,0,Durian
Durian (durio zibethinus)/2355.jpg,0,Durian
Durian (durio zibethinus)/2356.jpg,0,Durian
Durian (durio zibethinus)/2357.jpg,0,Durian
Durian (durio zibethinus)/2358.jpg,0,Durian
Durian (durio zibethinus)/2359.jpg,0,Durian
Durian (durio zibethinus)/236.jpg,0,Durian
Durian (durio zibethinus)/2360.jpg,0,Durian
Durian (durio zibethinus)/2361.jpg,0,Durian
Durian (durio zibethinus)/2362.jpg,0,Durian
Durian (durio zibethinus)/2363.jpg,0,Durian
Durian (durio zibethinus)/2364.jpg,0,Durian
Durian (durio zibethinus)/2365.jpg,0,Durian
Durian (durio zibethinus)/2366.jpg,0,Durian
Durian (durio zibethinus)/2367.jpg,0,Durian
Durian (durio zibethinus)/2368.jpg,0,Durian
Durian (durio zibethinus)/2369.jpg,0,Durian
Durian (durio zibethinus)/237.jpg,0,Durian
Durian (durio zibethinus)/2370.jpg,0,Durian
Durian (durio zibethinus)/2371.jpg,0,Durian
Durian (durio zibethinus)/2372.jpg,0,Durian
Durian (durio zibethinus)/2373.jpg,0,Durian
Durian (durio zibethinus)/2374.jpg,0,Durian
Durian (durio zibethinus)/2375.jpg,0,Durian
Durian (durio zibethinus)/2376.jpg,0,Durian
Durian (durio zibethinus)/2377.jpg,0,Durian
Durian (durio zibethinus)/2378.jpg,0,Durian
Durian (durio zibethinus)/2379.jpg,0,Durian
Durian (durio zibethinus)/238.jpg,0,Durian
Durian (durio zibethinus)/2380.jpg,0,Durian
Durian (durio zibethinus)/2381.jpg,0,Durian
Durian (durio zibethinus)/2382.jpg,0,Durian
Durian (durio zibethinus)/2383.jpg,0,Durian
Durian (durio zibethinus)/2384.jpg,0,Durian
Durian (durio zibethinus)/2385.jpg,0,Durian
Durian (durio zibethinus)/2386.jpg,0,Durian
Durian (durio zibethinus)/2387.jpg,0,Durian
Durian (durio zibethinus)/2388.jpg,0,Durian
Durian (durio zibethinus)/2389.jpg,0,Durian
Durian (durio zibethinus)/239.jpg,0,Durian
Durian (durio zibethinus)/2390.jpg,0,Durian
Durian (durio zibethinus)/2391.jpg,0,Durian
Durian (durio zibethinus)/2392.jpg,0,Durian
Durian (durio zibethinus)/2393.jpg,0,Durian
Durian (durio zibethinus)/2394.jpg,0,Durian
Durian (durio zibethinus)/2395.jpg,0,Durian
Durian (durio zibethinus)/2396.jpg,0,Durian
Durian (durio zibethinus)/2397.jpg,0,Durian
Durian (durio zibethinus)/2398.jpg,0,Durian
Durian (durio zibethinus)/2399.jpg,0,Durian
Durian (durio zibethinus)/24.jpg,0,Durian
Durian (durio zibethinus)/240.jpg,0,Durian
Durian (durio zibethinus)/2400.jpg,0,Durian
Durian (durio zibethinus)/2401.jpg,0,Durian
Durian (durio zibethinus)/2402.jpg,0,Durian
Durian (durio zibethinus)/2403.jpg,0,Durian
Durian (durio zibethinus)/2404.jpg,0,Durian
Durian (durio zibethinus)/2405.jpg,0,Durian
Durian (durio zibethinus)/2406.jpg,0,Durian
Durian (durio zibethinus)/2407.jpg,0,Durian
Durian (durio zibethinus)/2408.jpg,0,Durian
Durian (durio zibethinus)/2409.jpg,0,Durian
Durian (durio zibethinus)/241.jpg,0,Durian
Durian (durio zibethinus)/2410.jpg,0,Durian
Durian (durio zibethinus)/2411.jpg,0,Durian
Durian (durio zibethinus)/2412.jpg,0,Durian
Durian (durio zibethinus)/2413.jpg,0,Durian
Durian (durio zibethinus)/2414.jpg,0,Durian
Durian (durio zibethinus)/2415.jpg,0,Durian
Durian (durio zibethinus)/2416.jpg,0,Durian
Durian (durio zibethinus)/2417.jpg,0,Durian
Durian (durio zibethinus)/2418.jpg,0,Durian
Durian (durio zibethinus)/2419.jpg,0,Durian
Durian (durio zibethinus)/242.jpg,0,Durian
Durian (durio zibethinus)/2420.jpg,0,Durian
Durian (durio zibethinus)/2421.jpg,0,Durian
Durian (durio zibethinus)/2422.jpg,0,Durian
Durian (durio zibethinus)/2423.jpg,0,Durian
Durian (durio zibethinus)/2424.jpg,0,Durian
Durian (durio zibethinus)/2425.jpg,0,Durian
Durian (durio zibethinus)/2426.jpg,0,Durian
Durian (durio zibethinus)/2427.jpg,0,Durian
Durian (durio zibethinus)/2428.jpg,0,Durian
Durian (durio zibethinus)/2429.jpg,0,Durian
Durian (durio zibethinus)/243.jpg,0,Durian
Durian (durio zibethinus)/2430.jpg,0,Durian
Durian (durio zibethinus)/2431.jpg,0,Durian
Durian (durio zibethinus)/2432.jpg,0,Durian
Durian (durio zibethinus)/2433.jpg,0,Durian
Durian (durio zibethinus)/2434.jpg,0,Durian
Durian (durio zibethinus)/2435.jpg,0,Durian
Durian (durio zibethinus)/2436.jpg,0,Durian
Durian (durio zibethinus)/2437.jpg,0,Durian
Durian (durio zibethinus)/2438.jpg,0,Durian
Durian (durio zibethinus)/2439.jpg,0,Durian
Durian (durio zibethinus)/244.jpg,0,Durian
Durian (durio zibethinus)/2440.jpg,0,Durian
Durian (durio zibethinus)/2441.jpg,0,Durian
Durian (durio zibethinus)/2442.jpg,0,Durian
Durian (durio zibethinus)/2443.jpg,0,Durian
Durian (durio zibethinus)/2444.jpg,0,Durian
Durian (durio zibethinus)/2445.jpg,0,Durian
Durian (durio zibethinus)/2446.jpg,0,Durian
Durian (durio zibethinus)/2447.jpg,0,Durian
Durian (durio zibethinus)/2448.jpg,0,Durian
Durian (durio zibethinus)/2449.jpg,0,Durian
Durian (durio zibethinus)/245.jpg,0,Durian
Durian (durio zibethinus)/2450.jpg,0,Durian
Durian (durio zibethinus)/2451.jpg,0,Durian
Durian (durio zibethinus)/2452.jpg,0,Durian
Durian (durio zibethinus)/2453.jpg,0,Durian
Durian (durio zibethinus)/2454.jpg,0,Durian
Durian (durio zibethinus)/2455.jpg,0,Durian
Durian (durio zibethinus)/2456.jpg,0,Durian
Durian (durio zibethinus)/2457.jpg,0,Durian
Durian (durio zibethinus)/2458.jpg,0,Durian
Durian (durio zibethinus)/2459.jpg,0,Durian
Durian (durio zibethinus)/246.jpg,0,Durian
Durian (durio zibethinus)/2460.jpg,0,Durian
Durian (durio zibethinus)/2461.jpg,0,Durian
Durian (durio zibethinus)/2462.jpg,0,Durian
Durian (durio zibethinus)/2463.jpg,0,Durian
Durian (durio zibethinus)/2464.jpg,0,Durian
Durian (durio zibethinus)/2465.jpg,0,Durian
Durian (durio zibethinus)/2466.jpg,0,Durian
Durian (durio zibethinus)/2467.jpg,0,Durian
Durian (durio zibethinus)/2468.jpg,0,Durian
Durian (durio zibethinus)/2469.jpg,0,Durian
Durian (durio zibethinus)/247.jpg,0,Durian
Durian (durio zibethinus)/2470.jpg,0,Durian
Durian (durio zibethinus)/2471.jpg,0,Durian
Durian (durio zibethinus)/2472.jpg,0,Durian
Durian (durio zibethinus)/2473.jpg,0,Durian
Durian (durio zibethinus)/2474.jpg,0,Durian
Durian (durio zibethinus)/2475.jpg,0,Durian
Durian (durio zibethinus)/2476.jpg,0,Durian
Durian (durio zibethinus)/2477.jpg,0,Durian
Durian (durio zibethinus)/2478.jpg,0,Durian
Durian (durio zibethinus)/2479.jpg,0,Durian
Durian (durio zibethinus)/248.jpg,0,Durian
Durian (durio zibethinus)/2480.jpg,0,Durian
Durian (durio zibethinus)/2481.jpg,0,Durian
Durian (durio zibethinus)/2482.jpg,0,Durian
Durian (durio zibethinus)/2483.jpg,0,Durian
Durian (durio zibethinus)/2484.jpg,0,Durian
Durian (durio zibethinus)/2485.jpg,0,Durian
Durian (durio zibethinus)/2486.jpg,0,Durian
Durian (durio zibethinus)/2487.jpg,0,Durian
Durian (durio zibethinus)/2488.jpg,0,Durian
Durian (durio zibethinus)/2489.jpg,0,Durian
Durian (durio zibethinus)/249.jpg,0,Durian
Durian (durio zibethinus)/2490.jpg,0,Durian
Durian (durio zibethinus)/2491.jpg,0,Durian
Durian (durio zibethinus)/2492.jpg,0,Durian
Durian (durio zibethinus)/2493.jpg,0,Durian
Durian (durio zibethinus)/2494.jpg,0,Durian
Durian (durio zibethinus)/2495.jpg,0,Durian
Durian (durio zibethinus)/2496.jpg,0,Durian
Durian (durio zibethinus)/2497.jpg,0,Durian
Durian (durio zibethinus)/2498.jpg,0,Durian
Durian (durio zibethinus)/2499.jpg,0,Durian
Durian (durio zibethinus)/25.jpg,0,Durian
Durian (durio zibethinus)/250.jpg,0,Durian
Durian (durio zibethinus)/2500.jpg,0,Durian
Durian (durio zibethinus)/2501.jpg,0,Durian
Durian (durio zibethinus)/2502.jpg,0,Durian
Durian (durio zibethinus)/2503.jpg,0,Durian
Durian (durio zibethinus)/2504.jpg,0,Durian
Durian (durio zibethinus)/2505.jpg,0,Durian
Durian (durio zibethinus)/2506.jpg,0,Durian
Durian (durio zibethinus)/2507.jpg,0,Durian
Durian (durio zibethinus)/2508.jpg,0,Durian
Durian (durio zibethinus)/2509.jpg,0,Durian
Durian (durio zibethinus)/251.jpg,0,Durian
Durian (durio zibethinus)/2510.jpg,0,Durian
Durian (durio zibethinus)/2511.jpg,0,Durian
Durian (durio zibethinus)/2512.jpg,0,Durian
Durian (durio zibethinus)/2513.jpg,0,Durian
Durian (durio zibethinus)/2514.jpg,0,Durian
Durian (durio zibethinus)/2515.jpg,0,Durian
Durian (durio zibethinus)/2516.jpg,0,Durian
Durian (durio zibethinus)/2517.jpg,0,Durian
Durian (durio zibethinus)/2518.jpg,0,Durian
Durian (durio zibethinus)/2519.jpg,0,Durian
Durian (durio zibethinus)/252.jpg,0,Durian
Durian (durio zibethinus)/2520.jpg,0,Durian
Durian (durio zibethinus)/2521.jpg,0,Durian
Durian (durio zibethinus)/2522.jpg,0,Durian
Durian (durio zibethinus)/2523.jpg,0,Durian
Durian (durio zibethinus)/2524.jpg,0,Durian
Durian (durio zibethinus)/2525.jpg,0,Durian
Durian (durio zibethinus)/2526.jpg,0,Durian
Durian (durio zibethinus)/2527.jpg,0,Durian
Durian (durio zibethinus)/2528.jpg,0,Durian
Durian (durio zibethinus)/2529.jpg,0,Durian
Durian (durio zibethinus)/253.jpg,0,Durian
Durian (durio zibethinus)/2530.jpg,0,Durian
Durian (durio zibethinus)/2531.jpg,0,Durian
Durian (durio zibethinus)/2532.jpg,0,Durian
Durian (durio zibethinus)/2533.jpg,0,Durian
Durian (durio zibethinus)/2534.jpg,0,Durian
Durian (durio zibethinus)/2535.jpg,0,Durian
Durian (durio zibethinus)/2536.jpg,0,Durian
Durian (durio zibethinus)/2537.jpg,0,Durian
Durian (durio zibethinus)/2538.jpg,0,Durian
Durian (durio zibethinus)/2539.jpg,0,Durian
Durian (durio zibethinus)/254.jpg,0,Durian
Durian (durio zibethinus)/2540.jpg,0,Durian
Durian (durio zibethinus)/2541.jpg,0,Durian
Durian (durio zibethinus)/2542.jpg,0,Durian
Durian (durio zibethinus)/2543.jpg,0,Durian
Durian (durio zibethinus)/2544.jpg,0,Durian
Durian (durio zibethinus)/2545.jpg,0,Durian
Durian (durio zibethinus)/2546.jpg,0,Durian
Durian (durio zibethinus)/2547.jpg,0,Durian
Durian (durio zibethinus)/2548.jpg,0,Durian
Durian (durio zibethinus)/2549.jpg,0,Durian
Durian (durio zibethinus)/255.jpg,0,Durian
Durian (durio zibethinus)/2550.jpg,0,Durian
Durian (durio zibethinus)/2551.jpg,0,Durian
Durian (durio zibethinus)/2552.jpg,0,Durian
Durian (durio zibethinus)/2553.jpg,0,Durian
Durian (durio zibethinus)/2554.jpg,0,Durian
Durian (durio zibethinus)/2555.jpg,0,Durian
Durian (durio zibethinus)/2556.jpg,0,Durian
Durian (durio zibethinus)/2557.jpg,0,Durian
Durian (durio zibethinus)/2558.jpg,0,Durian
Durian (durio zibethinus)/2559.jpg,0,Durian
Durian (durio zibethinus)/256.jpg,0,Durian
Durian (durio zibethinus)/2560.jpg,0,Durian
Durian (durio zibethinus)/2561.jpg,0,Durian
Durian (durio zibethinus)/2562.jpg,0,Durian
Durian (durio zibethinus)/2563.jpg,0,Durian
Durian (durio zibethinus)/2564.jpg,0,Durian
Durian (durio zibethinus)/2565.jpg,0,Durian
Durian (durio zibethinus)/2566.jpg,0,Durian
Durian (durio zibethinus)/2567.jpg,0,Durian
Durian (durio zibethinus)/2568.jpg,0,Durian
Durian (durio zibethinus)/2569.jpg,0,Durian
Durian (durio zibethinus)/257.jpg,0,Durian
Durian (durio zibethinus)/2570.jpg,0,Durian
Durian (durio zibethinus)/2571.jpg,0,Durian
Durian (durio zibethinus)/2572.jpg,0,Durian
Durian (durio zibethinus)/2573.jpg,0,Durian
Durian (durio zibethinus)/2574.jpg,0,Durian
Durian (durio zibethinus)/2575.jpg,0,Durian
Durian (durio zibethinus)/2576.jpg,0,Durian
Durian (durio zibethinus)/2577.jpg,0,Durian
Durian (durio zibethinus)/2578.jpg,0,Durian
Durian (durio zibethinus)/2579.jpg,0,Durian
Durian (durio zibethinus)/258.jpg,0,Durian
Durian (durio zibethinus)/2580.jpg,0,Durian
Durian (durio zibethinus)/2581.jpg,0,Durian
Durian (durio zibethinus)/2582.jpg,0,Durian
Durian (durio zibethinus)/2583.jpg,0,Durian
Durian (durio zibethinus)/2584.jpg,0,Durian
Durian (durio zibethinus)/2585.jpg,0,Durian
Durian (durio zibethinus)/2586.jpg,0,Durian
Durian (durio zibethinus)/2587.jpg,0,Durian
Durian (durio zibethinus)/2588.jpg,0,Durian
Durian (durio zibethinus)/2589.jpg,0,Durian
Durian (durio zibethinus)/259.jpg,0,Durian
Durian (durio zibethinus)/2590.jpg,0,Durian
Durian (durio zibethinus)/2591.jpg,0,Durian
Durian (durio zibethinus)/2592.jpg,0,Durian
Durian (durio zibethinus)/2593.jpg,0,Durian
Durian (durio zibethinus)/2594.jpg,0,Durian
Durian (durio zibethinus)/2595.jpg,0,Durian
Durian (durio zibethinus)/2596.jpg,0,Durian
Durian (durio zibethinus)/2597.jpg,0,Durian
Durian (durio zibethinus)/2598.jpg,0,Durian
Durian (durio zibethinus)/2599.jpg,0,Durian
Durian (durio zibethinus)/26.jpg,0,Durian
Durian (durio zibethinus)/260.jpg,0,Durian
Durian (durio zibethinus)/2600.jpg,0,Durian
Durian (durio zibethinus)/2601.jpg,0,Durian
Durian (durio zibethinus)/2602.jpg,0,Durian
Durian (durio zibethinus)/2603.jpg,0,Durian
Durian (durio zibethinus)/2604.jpg,0,Durian
Durian (durio zibethinus)/2605.jpg,0,Durian
Durian (durio zibethinus)/2606.jpg,0,Durian
Durian (durio zibethinus)/2607.jpg,0,Durian
Durian (durio zibethinus)/2608.jpg,0,Durian
Durian (durio zibethinus)/2609.jpg,0,Durian
Durian (durio zibethinus)/261.jpg,0,Durian
Durian (durio zibethinus)/2610.jpg,0,Durian
Durian (durio zibethinus)/2611.jpg,0,Durian
Durian (durio zibethinus)/2612.jpg,0,Durian
Durian (durio zibethinus)/2613.jpg,0,Durian
Durian (durio zibethinus)/2614.jpg,0,Durian
Durian (durio zibethinus)/2615.jpg,0,Durian
Durian (durio zibethinus)/2616.jpg,0,Durian
Durian (durio zibethinus)/2617.jpg,0,Durian
Durian (durio zibethinus)/2618.jpg,0,Durian
Durian (durio zibethinus)/2619.jpg,0,Durian
Durian (durio zibethinus)/262.jpg,0,Durian
Durian (durio zibethinus)/2620.jpg,0,Durian
Durian (durio zibethinus)/2621.jpg,0,Durian
Durian (durio zibethinus)/2622.jpg,0,Durian
Durian (durio zibethinus)/2623.jpg,0,Durian
Durian (durio zibethinus)/2624.jpg,0,Durian
Durian (durio zibethinus)/2625.jpg,0,Durian
Durian (durio zibethinus)/2626.jpg,0,Durian
Durian (durio zibethinus)/2627.jpg,0,Durian
Durian (durio zibethinus)/2628.jpg,0,Durian
Durian (durio zibethinus)/2629.jpg,0,Durian
Durian (durio zibethinus)/263.jpg,0,Durian
Durian (durio zibethinus)/2630.jpg,0,Durian
Durian (durio zibethinus)/2631.jpg,0,Durian
Durian (durio zibethinus)/2632.jpg,0,Durian
Durian (durio zibethinus)/2633.jpg,0,Durian
Durian (durio zibethinus)/2634.jpg,0,Durian
Durian (durio zibethinus)/2635.jpg,0,Durian
Durian (durio zibethinus)/2636.jpg,0,Durian
Durian (durio zibethinus)/2637.jpg,0,Durian
Durian (durio zibethinus)/2638.jpg,0,Durian
Durian (durio zibethinus)/2639.jpg,0,Durian
Durian (durio zibethinus)/264.jpg,0,Durian
Durian (durio zibethinus)/2640.jpg,0,Durian
Durian (durio zibethinus)/2641.jpg,0,Durian
Durian (durio zibethinus)/2642.jpg,0,Durian
Durian (durio zibethinus)/2643.jpg,0,Durian
Durian (durio zibethinus)/2644.jpg,0,Durian
Durian (durio zibethinus)/2645.jpg,0,Durian
Durian (durio zibethinus)/2646.jpg,0,Durian
Durian (durio zibethinus)/2647.jpg,0,Durian
Durian (durio zibethinus)/2648.jpg,0,Durian
Durian (durio zibethinus)/2649.jpg,0,Durian
Durian (durio zibethinus)/265.jpg,0,Durian
Durian (durio zibethinus)/2650.jpg,0,Durian
Durian (durio zibethinus)/2651.jpg,0,Durian
Durian (durio zibethinus)/2652.jpg,0,Durian
Durian (durio zibethinus)/2653.jpg,0,Durian
Durian (durio zibethinus)/2654.jpg,0,Durian
Durian (durio zibethinus)/2655.jpg,0,Durian
Durian (durio zibethinus)/2656.jpg,0,Durian
Durian (durio zibethinus)/2657.jpg,0,Durian
Durian (durio zibethinus)/2658.jpg,0,Durian
Durian (durio zibethinus)/2659.jpg,0,Durian
Durian (durio zibethinus)/266.jpg,0,Durian
Durian (durio zibethinus)/2660.jpg,0,Durian
Durian (durio zibethinus)/2661.jpg,0,Durian
Durian (durio zibethinus)/2662.jpg,0,Durian
Durian (durio zibethinus)/2663.jpg,0,Durian
Durian (durio zibethinus)/2664.jpg,0,Durian
Durian (durio zibethinus)/2665.jpg,0,Durian
Durian (durio zibethinus)/2666.jpg,0,Durian
Durian (durio zibethinus)/2667.jpg,0,Durian
Durian (durio zibethinus)/2668.jpg,0,Durian
Durian (durio zibethinus)/2669.jpg,0,Durian
Durian (durio zibethinus)/267.jpg,0,Durian
Durian (durio zibethinus)/2670.jpg,0,Durian
Durian (durio zibethinus)/2671.jpg,0,Durian
Durian (durio zibethinus)/2672.jpg,0,Durian
Durian (durio zibethinus)/2673.jpg,0,Durian
Durian (durio zibethinus)/2674.jpg,0,Durian
Durian (durio zibethinus)/2675.jpg,0,Durian
Durian (durio zibethinus)/2676.jpg,0,Durian
Durian (durio zibethinus)/2677.jpg,0,Durian
Durian (durio zibethinus)/2678.jpg,0,Durian
Durian (durio zibethinus)/2679.jpg,0,Durian
Durian (durio zibethinus)/268.jpg,0,Durian
Durian (durio zibethinus)/2680.jpg,0,Durian
Durian (durio zibethinus)/2681.jpg,0,Durian
Durian (durio zibethinus)/2682.jpg,0,Durian
Durian (durio zibethinus)/2683.jpg,0,Durian
Durian (durio zibethinus)/2684.jpg,0,Durian
Durian (durio zibethinus)/2685.jpg,0,Durian
Durian (durio zibethinus)/2686.jpg,0,Durian
Durian (durio zibethinus)/2687.jpg,0,Durian
Durian (durio zibethinus)/2688.jpg,0,Durian
Durian (durio zibethinus)/2689.jpg,0,Durian
Durian (durio zibethinus)/269.jpg,0,Durian
Durian (durio zibethinus)/2690.jpg,0,Durian
Durian (durio zibethinus)/2691.jpg,0,Durian
Durian (durio zibethinus)/2692.jpg,0,Durian
Durian (durio zibethinus)/2693.jpg,0,Durian
Durian (durio zibethinus)/2694.jpg,0,Durian
Durian (durio zibethinus)/2695.jpg,0,Durian
Durian (durio zibethinus)/2696.jpg,0,Durian
Durian (durio zibethinus)/2697.jpg,0,Durian
Durian (durio zibethinus)/2698.jpg,0,Durian
Durian (durio zibethinus)/2699.jpg,0,Durian
Durian (durio zibethinus)/27.jpg,0,Durian
Durian (durio zibethinus)/270.jpg,0,Durian
Durian (durio zibethinus)/2700.jpg,0,Durian
Durian (durio zibethinus)/2701.jpg,0,Durian
Durian (durio zibethinus)/2702.jpg,0,Durian
Durian (durio zibethinus)/2703.jpg,0,Durian
Durian (durio zibethinus)/2704.jpg,0,Durian
Durian (durio zibethinus)/2705.jpg,0,Durian
Durian (durio zibethinus)/2706.jpg,0,Durian
Durian (durio zibethinus)/2707.jpg,0,Durian
Durian (durio zibethinus)/2708.jpg,0,Durian
Durian (durio zibethinus)/2709.jpg,0,Durian
Durian (durio zibethinus)/271.jpg,0,Durian
Durian (durio zibethinus)/2710.jpg,0,Durian
Durian (durio zibethinus)/2711.jpg,0,Durian
Durian (durio zibethinus)/2712.jpg,0,Durian
Durian (durio zibethinus)/2713.jpg,0,Durian
Durian (durio zibethinus)/2714.jpg,0,Durian
Durian (durio zibethinus)/2715.jpg,0,Durian
Durian (durio zibethinus)/2716.jpg,0,Durian
Durian (durio zibethinus)/2717.jpg,0,Durian
Durian (durio zibethinus)/2718.jpg,0,Durian
Durian (durio zibethinus)/2719.jpg,0,Durian
Durian (durio zibethinus)/272.jpg,0,Durian
Durian (durio zibethinus)/2720.jpg,0,Durian
Durian (durio zibethinus)/2721.jpg,0,Durian
Durian (durio zibethinus)/2722.jpg,0,Durian
Durian (durio zibethinus)/2723.jpg,0,Durian
Durian (durio zibethinus)/2724.jpg,0,Durian
Durian (durio zibethinus)/2725.jpg,0,Durian
Durian (durio zibethinus)/2726.jpg,0,Durian
Durian (durio zibethinus)/2727.jpg,0,Durian
Durian (durio zibethinus)/2728.jpg,0,Durian
Durian (durio zibethinus)/2729.jpg,0,Durian
Durian (durio zibethinus)/273.jpg,0,Durian
Durian (durio zibethinus)/2730.jpg,0,Durian
Durian (durio zibethinus)/2731.jpg,0,Durian
Durian (durio zibethinus)/2732.jpg,0,Durian
Durian (durio zibethinus)/2733.jpg,0,Durian
Durian (durio zibethinus)/2734.jpg,0,Durian
Durian (durio zibethinus)/2735.jpg,0,Durian
Durian (durio zibethinus)/2736.jpg,0,Durian
Durian (durio zibethinus)/2737.jpg,0,Durian
Durian (durio zibethinus)/2738.jpg,0,Durian
Durian (durio zibethinus)/2739.jpg,0,Durian
Durian (durio zibethinus)/274.jpg,0,Durian
Durian (durio zibethinus)/2740.jpg,0,Durian
Durian (durio zibethinus)/2741.jpg,0,Durian
Durian (durio zibethinus)/2742.jpg,0,Durian
Durian (durio zibethinus)/2743.jpg,0,Durian
Durian (durio zibethinus)/2744.jpg,0,Durian
Durian (durio zibethinus)/2745.jpg,0,Durian
Durian (durio zibethinus)/2746.jpg,0,Durian
Durian (durio zibethinus)/2747.jpg,0,Durian
Durian (durio zibethinus)/2748.jpg,0,Durian
Durian (durio zibethinus)/2749.jpg,0,Durian
Durian (durio zibethinus)/275.jpg,0,Durian
Durian (durio zibethinus)/2750.jpg,0,Durian
Durian (durio zibethinus)/2751.jpg,0,Durian
Durian (durio zibethinus)/2752.jpg,0,Durian
Durian (durio zibethinus)/2753.jpg,0,Durian
Durian (durio zibethinus)/2754.jpg,0,Durian
Durian (durio zibethinus)/2755.jpg,0,Durian
Durian (durio zibethinus)/2756.jpg,0,Durian
Durian (durio zibethinus)/2757.jpg,0,Durian
Durian (durio zibethinus)/2758.jpg,0,Durian
Durian (durio zibethinus)/2759.jpg,0,Durian
Durian (durio zibethinus)/276.jpg,0,Durian
Durian (durio zibethinus)/2760.jpg,0,Durian
Durian (durio zibethinus)/2761.jpg,0,Durian
Durian (durio zibethinus)/2762.jpg,0,Durian
Durian (durio zibethinus)/2763.jpg,0,Durian
Durian (durio zibethinus)/2764.jpg,0,Durian
Durian (durio zibethinus)/2765.jpg,0,Durian
Durian (durio zibethinus)/2766.jpg,0,Durian
Durian (durio zibethinus)/2767.jpg,0,Durian
Durian (durio zibethinus)/2768.jpg,0,Durian
Durian (durio zibethinus)/2769.jpg,0,Durian
Durian (durio zibethinus)/277.jpg,0,Durian
Durian (durio zibethinus)/2770.jpg,0,Durian
Durian (durio zibethinus)/2771.jpg,0,Durian
Durian (durio zibethinus)/2772.jpg,0,Durian
Durian (durio zibethinus)/2773.jpg,0,Durian
Durian (durio zibethinus)/2774.jpg,0,Durian
Durian (durio zibethinus)/2775.jpg,0,Durian
Durian (durio zibethinus)/2776.jpg,0,Durian
Durian (durio zibethinus)/2777.jpg,0,Durian
Durian (durio zibethinus)/2778.jpg,0,Durian
Durian (durio zibethinus)/2779.jpg,0,Durian
Durian (durio zibethinus)/278.jpg,0,Durian
Durian (durio zibethinus)/2780.jpg,0,Durian
Durian (durio zibethinus)/2781.jpg,0,Durian
Durian (durio zibethinus)/2782.jpg,0,Durian
Durian (durio zibethinus)/2783.jpg,0,Durian
Durian (durio zibethinus)/2784.jpg,0,Durian
Durian (durio zibethinus)/2785.jpg,0,Durian
Durian (durio zibethinus)/2786.jpg,0,Durian
Durian (durio zibethinus)/2787.jpg,0,Durian
Durian (durio zibethinus)/2788.jpg,0,Durian
Durian (durio zibethinus)/2789.jpg,0,Durian
Durian (durio zibethinus)/279.jpg,0,Durian
Durian (durio zibethinus)/2790.jpg,0,Durian
Durian (durio zibethinus)/2791.jpg,0,Durian
Durian (durio zibethinus)/2792.jpg,0,Durian
Durian (durio zibethinus)/2793.jpg,0,Durian
Durian (durio zibethinus)/2794.jpg,0,Durian
Durian (durio zibethinus)/2795.jpg,0,Durian
Durian (durio zibethinus)/2796.jpg,0,Durian
Durian (durio zibethinus)/2797.jpg,0,Durian
Durian (durio zibethinus)/2798.jpg,0,Durian
Durian (durio zibethinus)/2799.jpg,0,Durian
Durian (durio zibethinus)/28.jpg,0,Durian
Durian (durio zibethinus)/280.jpg,0,Durian
Durian (durio zibethinus)/2800.jpg,0,Durian
Durian (durio zibethinus)/2801.jpg,0,Durian
Durian (durio zibethinus)/2802.jpg,0,Durian
Durian (durio zibethinus)/2803.jpg,0,Durian
Durian (durio zibethinus)/2804.jpg,0,Durian
Durian (durio zibethinus)/2805.jpg,0,Durian
Durian (durio zibethinus)/2806.jpg,0,Durian
Durian (durio zibethinus)/2807.jpg,0,Durian
Durian (durio zibethinus)/2808.jpg,0,Durian
Durian (durio zibethinus)/2809.jpg,0,Durian
Durian (durio zibethinus)/281.jpg,0,Durian
Durian (durio zibethinus)/2810.jpg,0,Durian
Durian (durio zibethinus)/2811.jpg,0,Durian
Durian (durio zibethinus)/2812.jpg,0,Durian
Durian (durio zibethinus)/2813.jpg,0,Durian
Durian (durio zibethinus)/2814.jpg,0,Durian
Durian (durio zibethinus)/2815.jpg,0,Durian
Durian (durio zibethinus)/2816.jpg,0,Durian
Durian (durio zibethinus)/2817.jpg,0,Durian
Durian (durio zibethinus)/2818.jpg,0,Durian
Durian (durio zibethinus)/2819.jpg,0,Durian
Durian (durio zibethinus)/282.jpg,0,Durian
Durian (durio zibethinus)/2820.jpg,0,Durian
Durian (durio zibethinus)/2821.jpg,0,Durian
Durian (durio zibethinus)/2822.jpg,0,Durian
Durian (durio zibethinus)/2823.jpg,0,Durian
Durian (durio zibethinus)/2824.jpg,0,Durian
Durian (durio zibethinus)/2825.jpg,0,Durian
Durian (durio zibethinus)/2826.jpg,0,Durian
Durian (durio zibethinus)/2827.jpg,0,Durian
Durian (durio zibethinus)/2828.jpg,0,Durian
Durian (durio zibethinus)/2829.jpg,0,Durian
Durian (durio zibethinus)/283.jpg,0,Durian
Durian (durio zibethinus)/2830.jpg,0,Durian
Durian (durio zibethinus)/2831.jpg,0,Durian
Durian (durio zibethinus)/2832.jpg,0,Durian
Durian (durio zibethinus)/2833.jpg,0,Durian
Durian (durio zibethinus)/2834.jpg,0,Durian
Durian (durio zibethinus)/2835.jpg,0,Durian
Durian (durio zibethinus)/2836.jpg,0,Durian
Durian (durio zibethinus)/2837.jpg,0,Durian
Durian (durio zibethinus)/2838.jpg,0,Durian
Durian (durio zibethinus)/2839.jpg,0,Durian
Durian (durio zibethinus)/284.jpg,0,Durian
Durian (durio zibethinus)/2840.jpg,0,Durian
Durian (durio zibethinus)/2841.jpg,0,Durian
Durian (durio zibethinus)/2842.jpg,0,Durian
Durian (durio zibethinus)/2843.jpg,0,Durian
Durian (durio zibethinus)/2844.jpg,0,Durian
Durian (durio zibethinus)/2845.jpg,0,Durian
Durian (durio zibethinus)/2846.jpg,0,Durian
Durian (durio zibethinus)/2847.jpg,0,Durian
Durian (durio zibethinus)/2848.jpg,0,Durian
Durian (durio zibethinus)/2849.jpg,0,Durian
Durian (durio zibethinus)/285.jpg,0,Durian
Durian (durio zibethinus)/2850.jpg,0,Durian
Durian (durio zibethinus)/2851.jpg,0,Durian
Durian (durio zibethinus)/2852.jpg,0,Durian
Durian (durio zibethinus)/2853.jpg,0,Durian
Durian (durio zibethinus)/2854.jpg,0,Durian
Durian (durio zibethinus)/2855.jpg,0,Durian
Durian (durio zibethinus)/2856.jpg,0,Durian
Durian (durio zibethinus)/2857.jpg,0,Durian
Durian (durio zibethinus)/2858.jpg,0,Durian
Durian (durio zibethinus)/2859.jpg,0,Durian
Durian (durio zibethinus)/286.jpg,0,Durian
Durian (durio zibethinus)/2860.jpg,0,Durian
Durian (durio zibethinus)/2861.jpg,0,Durian
Durian (durio zibethinus)/2862.jpg,0,Durian
Durian (durio zibethinus)/2863.jpg,0,Durian
Durian (durio zibethinus)/2864.jpg,0,Durian
Durian (durio zibethinus)/2865.jpg,0,Durian
Durian (durio zibethinus)/2866.jpg,0,Durian
Durian (durio zibethinus)/2867.jpg,0,Durian
Durian (durio zibethinus)/2868.jpg,0,Durian
Durian (durio zibethinus)/2869.jpg,0,Durian
Durian (durio zibethinus)/287.jpg,0,Durian
Durian (durio zibethinus)/2870.jpg,0,Durian
Durian (durio zibethinus)/2871.jpg,0,Durian
Durian (durio zibethinus)/2872.jpg,0,Durian
Durian (durio zibethinus)/2873.jpg,0,Durian
Durian (durio zibethinus)/2874.jpg,0,Durian
Durian (durio zibethinus)/2875.jpg,0,Durian
Durian (durio zibethinus)/2876.jpg,0,Durian
Durian (durio zibethinus)/2877.jpg,0,Durian
Durian (durio zibethinus)/2878.jpg,0,Durian
Durian (durio zibethinus)/2879.jpg,0,Durian
Durian (durio zibethinus)/288.jpg,0,Durian
Durian (durio zibethinus)/2880.jpg,0,Durian
Durian (durio zibethinus)/2881.jpg,0,Durian
Durian (durio zibethinus)/2882.jpg,0,Durian
Durian (durio zibethinus)/2883.jpg,0,Durian
Durian (durio zibethinus)/2884.jpg,0,Durian
Durian (durio zibethinus)/2885.jpg,0,Durian
Durian (durio zibethinus)/2886.jpg,0,Durian
Durian (durio zibethinus)/2887.jpg,0,Durian
Durian (durio zibethinus)/2888.jpg,0,Durian
Durian (durio zibethinus)/2889.jpg,0,Durian
Durian (durio zibethinus)/289.jpg,0,Durian
Durian (durio zibethinus)/2890.jpg,0,Durian
Durian (durio zibethinus)/2891.jpg,0,Durian
Durian (durio zibethinus)/2892.jpg,0,Durian
Durian (durio zibethinus)/2893.jpg,0,Durian
Durian (durio zibethinus)/2894.jpg,0,Durian
Durian (durio zibethinus)/2895.jpg,0,Durian
Durian (durio zibethinus)/2896.jpg,0,Durian
Durian (durio zibethinus)/2897.jpg,0,Durian
Durian (durio zibethinus)/2898.jpg,0,Durian
Durian (durio zibethinus)/2899.jpg,0,Durian
Durian (durio zibethinus)/29.jpg,0,Durian
Durian (durio zibethinus)/290.jpg,0,Durian
Durian (durio zibethinus)/2900.jpg,0,Durian
Durian (durio zibethinus)/2901.jpg,0,Durian
Durian (durio zibethinus)/2902.jpg,0,Durian
Durian (durio zibethinus)/2903.jpg,0,Durian
Durian (durio zibethinus)/2904.jpg,0,Durian
Durian (durio zibethinus)/2905.jpg,0,Durian
Durian (durio zibethinus)/2906.jpg,0,Durian
Durian (durio zibethinus)/2907.jpg,0,Durian
Durian (durio zibethinus)/2908.jpg,0,Durian
Durian (durio zibethinus)/2909.jpg,0,Durian
Durian (durio zibethinus)/291.jpg,0,Durian
Durian (durio zibethinus)/2910.jpg,0,Durian
Durian (durio zibethinus)/2911.jpg,0,Durian
Durian (durio zibethinus)/2912.jpg,0,Durian
Durian (durio zibethinus)/2913.jpg,0,Durian
Durian (durio zibethinus)/2914.jpg,0,Durian
Durian (durio zibethinus)/2915.jpg,0,Durian
Durian (durio zibethinus)/2916.jpg,0,Durian
Durian (durio zibethinus)/2917.jpg,0,Durian
Durian (durio zibethinus)/2918.jpg,0,Durian
Durian (durio zibethinus)/2919.jpg,0,Durian
Durian (durio zibethinus)/292.jpg,0,Durian
Durian (durio zibethinus)/2920.jpg,0,Durian
Durian (durio zibethinus)/2921.jpg,0,Durian
Durian (durio zibethinus)/2922.jpg,0,Durian
Durian (durio zibethinus)/2923.jpg,0,Durian
Durian (durio zibethinus)/2924.jpg,0,Durian
Durian (durio zibethinus)/2925.jpg,0,Durian
Durian (durio zibethinus)/2926.jpg,0,Durian
Durian (durio zibethinus)/2927.jpg,0,Durian
Durian (durio zibethinus)/2928.jpg,0,Durian
Durian (durio zibethinus)/2929.jpg,0,Durian
Durian (durio zibethinus)/293.jpg,0,Durian
Durian (durio zibethinus)/2930.jpg,0,Durian
Durian (durio zibethinus)/2931.jpg,0,Durian
Durian (durio zibethinus)/2932.jpg,0,Durian
Durian (durio zibethinus)/2933.jpg,0,Durian
Durian (durio zibethinus)/2934.jpg,0,Durian
Durian (durio zibethinus)/2935.jpg,0,Durian
Durian (durio zibethinus)/2936.jpg,0,Durian
Durian (durio zibethinus)/2937.jpg,0,Durian
Durian (durio zibethinus)/2938.jpg,0,Durian
Durian (durio zibethinus)/2939.jpg,0,Durian
Durian (durio zibethinus)/294.jpg,0,Durian
Durian (durio zibethinus)/2940.jpg,0,Durian
Durian (durio zibethinus)/2941.jpg,0,Durian
Durian (durio zibethinus)/2942.jpg,0,Durian
Durian (durio zibethinus)/2943.jpg,0,Durian
Durian (durio zibethinus)/2944.jpg,0,Durian
Durian (durio zibethinus)/2945.jpg,0,Durian
Durian (durio zibethinus)/2946.jpg,0,Durian
Durian (durio zibethinus)/2947.jpg,0,Durian
Durian (durio zibethinus)/2948.jpg,0,Durian
Durian (durio zibethinus)/2949.jpg,0,Durian
Durian (durio zibethinus)/295.jpg,0,Durian
Durian (durio zibethinus)/2950.jpg,0,Durian
Durian (durio zibethinus)/2951.jpg,0,Durian
Durian (durio zibethinus)/2952.jpg,0,Durian
Durian (durio zibethinus)/2953.jpg,0,Durian
Durian (durio zibethinus)/2954.jpg,0,Durian
Durian (durio zibethinus)/2955.jpg,0,Durian
Durian (durio zibethinus)/2956.jpg,0,Durian
Durian (durio zibethinus)/2957.jpg,0,Durian
Durian (durio zibethinus)/2958.jpg,0,Durian
Durian (durio zibethinus)/2959.jpg,0,Durian
Durian (durio zibethinus)/296.jpg,0,Durian
Durian (durio zibethinus)/2960.jpg,0,Durian
Durian (durio zibethinus)/2961.jpg,0,Durian
Durian (durio zibethinus)/2962.jpg,0,Durian
Durian (durio zibethinus)/2963.jpg,0,Durian
Durian (durio zibethinus)/2964.jpg,0,Durian
Durian (durio zibethinus)/2965.jpg,0,Durian
Durian (durio zibethinus)/2966.jpg,0,Durian
Durian (durio zibethinus)/2967.jpg,0,Durian
Durian (durio zibethinus)/2968.jpg,0,Durian
Durian (durio zibethinus)/2969.jpg,0,Durian
Durian (durio zibethinus)/297.jpg,0,Durian
Durian (durio zibethinus)/2970.jpg,0,Durian
Durian (durio zibethinus)/2971.jpg,0,Durian
Durian (durio zibethinus)/2972.jpg,0,Durian
Durian (durio zibethinus)/2973.jpg,0,Durian
Durian (durio zibethinus)/2974.jpg,0,Durian
Durian (durio zibethinus)/2975.jpg,0,Durian
Durian (durio zibethinus)/2976.jpg,0,Durian
Durian (durio zibethinus)/2977.jpg,0,Durian
Durian (durio zibethinus)/2978.jpg,0,Durian
Durian (durio zibethinus)/2979.jpg,0,Durian
Durian (durio zibethinus)/298.jpg,0,Durian
Durian (durio zibethinus)/2980.jpg,0,Durian
Durian (durio zibethinus)/2981.jpg,0,Durian
Durian (durio zibethinus)/2982.jpg,0,Durian
Durian (durio zibethinus)/2983.jpg,0,Durian
Durian (durio zibethinus)/2984.jpg,0,Durian
Durian (durio zibethinus)/2985.jpg,0,Durian
Durian (durio zibethinus)/2986.jpg,0,Durian
Durian (durio zibethinus)/2987.jpg,0,Durian
Durian (durio zibethinus)/2988.jpg,0,Durian
Durian (durio zibethinus)/2989.jpg,0,Durian
Durian (durio zibethinus)/299.jpg,0,Durian
Durian (durio zibethinus)/2990.jpg,0,Durian
Durian (durio zibethinus)/2991.jpg,0,Durian
Durian (durio zibethinus)/2992.jpg,0,Durian
Durian (durio zibethinus)/2993.jpg,0,Durian
Durian (durio zibethinus)/2994.jpg,0,Durian
Durian (durio zibethinus)/2995.jpg,0,Durian
Durian (durio zibethinus)/2996.jpg,0,Durian
Durian (durio zibethinus)/2997.jpg,0,Durian
Durian (durio zibethinus)/2998.jpg,0,Durian
Durian (durio zibethinus)/2999.jpg,0,Durian
Durian (durio zibethinus)/3.jpg,0,Durian
Durian (durio zibethinus)/30.jpg,0,Durian
Durian (durio zibethinus)/300.jpg,0,Durian
Durian (durio zibethinus)/3000.jpg,0,Durian
Durian (durio zibethinus)/3001.jpg,0,Durian
Durian (durio zibethinus)/3002.jpg,0,Durian
Durian (durio zibethinus)/3003.jpg,0,Durian
Durian (durio zibethinus)/3004.jpg,0,Durian
Durian (durio zibethinus)/3005.jpg,0,Durian
Durian (durio zibethinus)/3006.jpg,0,Durian
Durian (durio zibethinus)/3007.jpg,0,Durian
Durian (durio zibethinus)/3008.jpg,0,Durian
Durian (durio zibethinus)/3009.jpg,0,Durian
Durian (durio zibethinus)/301.jpg,0,Durian
Durian (durio zibethinus)/3010.jpg,0,Durian
Durian (durio zibethinus)/3011.jpg,0,Durian
Durian (durio zibethinus)/3012.jpg,0,Durian
Durian (durio zibethinus)/3013.jpg,0,Durian
Durian (durio zibethinus)/3014.jpg,0,Durian
Durian (durio zibethinus)/3015.jpg,0,Durian
Durian (durio zibethinus)/3016.jpg,0,Durian
Durian (durio zibethinus)/3017.jpg,0,Durian
Durian (durio zibethinus)/3018.jpg,0,Durian
Durian (durio zibethinus)/3019.jpg,0,Durian
Durian (durio zibethinus)/302.jpg,0,Durian
Durian (durio zibethinus)/3020.jpg,0,Durian
Durian (durio zibethinus)/3021.jpg,0,Durian
Durian (durio zibethinus)/3022.jpg,0,Durian
Durian (durio zibethinus)/3023.jpg,0,Durian
Durian (durio zibethinus)/3024.jpg,0,Durian
Durian (durio zibethinus)/3025.jpg,0,Durian
Durian (durio zibethinus)/3026.jpg,0,Durian
Durian (durio zibethinus)/3027.jpg,0,Durian
Durian (durio zibethinus)/3028.jpg,0,Durian
Durian (durio zibethinus)/3029.jpg,0,Durian
Durian (durio zibethinus)/303.jpg,0,Durian
Durian (durio zibethinus)/3030.jpg,0,Durian
Durian (durio zibethinus)/3031.jpg,0,Durian
Durian (durio zibethinus)/3032.jpg,0,Durian
Durian (durio zibethinus)/3033.jpg,0,Durian
Durian (durio zibethinus)/3034.jpg,0,Durian
Durian (durio zibethinus)/3035.jpg,0,Durian
Durian (durio zibethinus)/3036.jpg,0,Durian
Durian (durio zibethinus)/3037.jpg,0,Durian
Durian (durio zibethinus)/3038.jpg,0,Durian
Durian (durio zibethinus)/3039.jpg,0,Durian
Durian (durio zibethinus)/304.jpg,0,Durian
Durian (durio zibethinus)/3040.jpg,0,Durian
Durian (durio zibethinus)/3041.jpg,0,Durian
Durian (durio zibethinus)/3042.jpg,0,Durian
Durian (durio zibethinus)/3043.jpg,0,Durian
Durian (durio zibethinus)/3044.jpg,0,Durian
Durian (durio zibethinus)/3045.jpg,0,Durian
Durian (durio zibethinus)/3046.jpg,0,Durian
Durian (durio zibethinus)/3047.jpg,0,Durian
Durian (durio zibethinus)/3048.jpg,0,Durian
Durian (durio zibethinus)/3049.jpg,0,Durian
Durian (durio zibethinus)/305.jpg,0,Durian
Durian (durio zibethinus)/3050.jpg,0,Durian
Durian (durio zibethinus)/3051.jpg,0,Durian
Durian (durio zibethinus)/3052.jpg,0,Durian
Durian (durio zibethinus)/3053.jpg,0,Durian
Durian (durio zibethinus)/3054.jpg,0,Durian
Durian (durio zibethinus)/3055.jpg,0,Durian
Durian (durio zibethinus)/3056.jpg,0,Durian
Durian (durio zibethinus)/3057.jpg,0,Durian
Durian (durio zibethinus)/3058.jpg,0,Durian
Durian (durio zibethinus)/3059.jpg,0,Durian
Durian (durio zibethinus)/306.jpg,0,Durian
Durian (durio zibethinus)/3060.jpg,0,Durian
Durian (durio zibethinus)/3061.jpg,0,Durian
Durian (durio zibethinus)/3062.jpg,0,Durian
Durian (durio zibethinus)/3063.jpg,0,Durian
Durian (durio zibethinus)/3064.jpg,0,Durian
Durian (durio zibethinus)/3065.jpg,0,Durian
Durian (durio zibethinus)/3066.jpg,0,Durian
Durian (durio zibethinus)/3067.jpg,0,Durian
Durian (durio zibethinus)/3068.jpg,0,Durian
Durian (durio zibethinus)/3069.jpg,0,Durian
Durian (durio zibethinus)/307.jpg,0,Durian
Durian (durio zibethinus)/3070.jpg,0,Durian
Durian (durio zibethinus)/3071.jpg,0,Durian
Durian (durio zibethinus)/3072.jpg,0,Durian
Durian (durio zibethinus)/3073.jpg,0,Durian
Durian (durio zibethinus)/3074.jpg,0,Durian
Durian (durio zibethinus)/3075.jpg,0,Durian
Durian (durio zibethinus)/3076.jpg,0,Durian
Durian (durio zibethinus)/3077.jpg,0,Durian
Durian (durio zibethinus)/3078.jpg,0,Durian
Durian (durio zibethinus)/3079.jpg,0,Durian
Durian (durio zibethinus)/308.jpg,0,Durian
Durian (durio zibethinus)/3080.jpg,0,Durian
Durian (durio zibethinus)/3081.jpg,0,Durian
Durian (durio zibethinus)/3082.jpg,0,Durian
Durian (durio zibethinus)/3083.jpg,0,Durian
Durian (durio zibethinus)/3084.jpg,0,Durian
Durian (durio zibethinus)/3085.jpg,0,Durian
Durian (durio zibethinus)/3086.jpg,0,Durian
Durian (durio zibethinus)/3087.jpg,0,Durian
Durian (durio zibethinus)/3088.jpg,0,Durian
Durian (durio zibethinus)/3089.jpg,0,Durian
Durian (durio zibethinus)/309.jpg,0,Durian
Durian (durio zibethinus)/3090.jpg,0,Durian
Durian (durio zibethinus)/3091.jpg,0,Durian
Durian (durio zibethinus)/3092.jpg,0,Durian
Durian (durio zibethinus)/3093.jpg,0,Durian
Durian (durio zibethinus)/3094.jpg,0,Durian
Durian (durio zibethinus)/3095.jpg,0,Durian
Durian (durio zibethinus)/3096.jpg,0,Durian
Durian (durio zibethinus)/3097.jpg,0,Durian
Durian (durio zibethinus)/3098.jpg,0,Durian
Durian (durio zibethinus)/3099.jpg,0,Durian
Durian (durio zibethinus)/31.jpg,0,Durian
Durian (durio zibethinus)/310.jpg,0,Durian
Durian (durio zibethinus)/3100.jpg,0,Durian
Durian (durio zibethinus)/3101.jpg,0,Durian
Durian (durio zibethinus)/3102.jpg,0,Durian
Durian (durio zibethinus)/3103.jpg,0,Durian
Durian (durio zibethinus)/3104.jpg,0,Durian
Durian (durio zibethinus)/3105.jpg,0,Durian
Durian (durio zibethinus)/3106.jpg,0,Durian
Durian (durio zibethinus)/3107.jpg,0,Durian
Durian (durio zibethinus)/3108.jpg,0,Durian
Durian (durio zibethinus)/3109.jpg,0,Durian
Durian (durio zibethinus)/311.jpg,0,Durian
Durian (durio zibethinus)/3110.jpg,0,Durian
Durian (durio zibethinus)/3111.jpg,0,Durian
Durian (durio zibethinus)/3112.jpg,0,Durian
Durian (durio zibethinus)/3113.jpg,0,Durian
Durian (durio zibethinus)/3114.jpg,0,Durian
Durian (durio zibethinus)/3115.jpg,0,Durian
Durian (durio zibethinus)/3116.jpg,0,Durian
Durian (durio zibethinus)/3117.jpg,0,Durian
Durian (durio zibethinus)/3118.jpg,0,Durian
Durian (durio zibethinus)/3119.jpg,0,Durian
Durian (durio zibethinus)/312.jpg,0,Durian
Durian (durio zibethinus)/3120.jpg,0,Durian
Durian (durio zibethinus)/3121.jpg,0,Durian
Durian (durio zibethinus)/3122.jpg,0,Durian
Durian (durio zibethinus)/3123.jpg,0,Durian
Durian (durio zibethinus)/3124.jpg,0,Durian
Durian (durio zibethinus)/3125.jpg,0,Durian
Durian (durio zibethinus)/3126.jpg,0,Durian
Durian (durio zibethinus)/3127.jpg,0,Durian
Durian (durio zibethinus)/3128.jpg,0,Durian
Durian (durio zibethinus)/3129.jpg,0,Durian
Durian (durio zibethinus)/313.jpg,0,Durian
Durian (durio zibethinus)/3130.jpg,0,Durian
Durian (durio zibethinus)/3131.jpg,0,Durian
Durian (durio zibethinus)/3132.jpg,0,Durian
Durian (durio zibethinus)/3133.jpg,0,Durian
Durian (durio zibethinus)/3134.jpg,0,Durian
Durian (durio zibethinus)/3135.jpg,0,Durian
Durian (durio zibethinus)/3136.jpg,0,Durian
Durian (durio zibethinus)/3137.jpg,0,Durian
Durian (durio zibethinus)/3138.jpg,0,Durian
Durian (durio zibethinus)/3139.jpg,0,Durian
Durian (durio zibethinus)/314.jpg,0,Durian
Durian (durio zibethinus)/3140.jpg,0,Durian
Durian (durio zibethinus)/3141.jpg,0,Durian
Durian (durio zibethinus)/3142.jpg,0,Durian
Durian (durio zibethinus)/3143.jpg,0,Durian
Durian (durio zibethinus)/3144.jpg,0,Durian
Durian (durio zibethinus)/3145.jpg,0,Durian
Durian (durio zibethinus)/3146.jpg,0,Durian
Durian (durio zibethinus)/3147.jpg,0,Durian
Durian (durio zibethinus)/3148.jpg,0,Durian
Durian (durio zibethinus)/3149.jpg,0,Durian
Durian (durio zibethinus)/315.jpg,0,Durian
Durian (durio zibethinus)/3150.jpg,0,Durian
Durian (durio zibethinus)/3151.jpg,0,Durian
Durian (durio zibethinus)/3152.jpg,0,Durian
Durian (durio zibethinus)/3153.jpg,0,Durian
Durian (durio zibethinus)/3154.jpg,0,Durian
Durian (durio zibethinus)/3155.jpg,0,Durian
Durian (durio zibethinus)/3156.jpg,0,Durian
Durian (durio zibethinus)/3157.jpg,0,Durian
Durian (durio zibethinus)/3158.jpg,0,Durian
Durian (durio zibethinus)/3159.jpg,0,Durian
Durian (durio zibethinus)/316.jpg,0,Durian
Durian (durio zibethinus)/3160.jpg,0,Durian
Durian (durio zibethinus)/3161.jpg,0,Durian
Durian (durio zibethinus)/3162.jpg,0,Durian
Durian (durio zibethinus)/3163.jpg,0,Durian
Durian (durio zibethinus)/3164.jpg,0,Durian
Durian (durio zibethinus)/3165.jpg,0,Durian
Durian (durio zibethinus)/3166.jpg,0,Durian
Durian (durio zibethinus)/3167.jpg,0,Durian
Durian (durio zibethinus)/3168.jpg,0,Durian
Durian (durio zibethinus)/3169.jpg,0,Durian
Durian (durio zibethinus)/317.jpg,0,Durian
Durian (durio zibethinus)/3170.jpg,0,Durian
Durian (durio zibethinus)/3171.jpg,0,Durian
Durian (durio zibethinus)/3172.jpg,0,Durian
Durian (durio zibethinus)/3173.jpg,0,Durian
Durian (durio zibethinus)/3174.jpg,0,Durian
Durian (durio zibethinus)/3175.jpg,0,Durian
Durian (durio zibethinus)/3176.jpg,0,Durian
Durian (durio zibethinus)/3177.jpg,0,Durian
Durian (durio zibethinus)/3178.jpg,0,Durian
Durian (durio zibethinus)/3179.jpg,0,Durian
Durian (durio zibethinus)/318.jpg,0,Durian
Durian (durio zibethinus)/3180.jpg,0,Durian
Durian (durio zibethinus)/3181.jpg,0,Durian
Durian (durio zibethinus)/3182.jpg,0,Durian
Durian (durio zibethinus)/3183.jpg,0,Durian
Durian (durio zibethinus)/3184.jpg,0,Durian
Durian (durio zibethinus)/3185.jpg,0,Durian
Durian (durio zibethinus)/3186.jpg,0,Durian
Durian (durio zibethinus)/3187.jpg,0,Durian
Durian (durio zibethinus)/3188.jpg,0,Durian
Durian (durio zibethinus)/3189.jpg,0,Durian
Durian (durio zibethinus)/319.jpg,0,Durian
Durian (durio zibethinus)/3190.jpg,0,Durian
Durian (durio zibethinus)/3191.jpg,0,Durian
Durian (durio zibethinus)/3192.jpg,0,Durian
Durian (durio zibethinus)/3193.jpg,0,Durian
Durian (durio zibethinus)/3194.jpg,0,Durian
Durian (durio zibethinus)/3195.jpg,0,Durian
Durian (durio zibethinus)/3196.jpg,0,Durian
Durian (durio zibethinus)/3197.jpg,0,Durian
Durian (durio zibethinus)/3198.jpg,0,Durian
Durian (durio zibethinus)/3199.jpg,0,Durian
Durian (durio zibethinus)/32.jpg,0,Durian
Durian (durio zibethinus)/320.jpg,0,Durian
Durian (durio zibethinus)/3200.jpg,0,Durian
Durian (durio zibethinus)/3201.jpg,0,Durian
Durian (durio zibethinus)/3202.jpg,0,Durian
Durian (durio zibethinus)/3203.jpg,0,Durian
Durian (durio zibethinus)/3204.jpg,0,Durian
Durian (durio zibethinus)/3205.jpg,0,Durian
Durian (durio zibethinus)/3206.jpg,0,Durian
Durian (durio zibethinus)/3207.jpg,0,Durian
Durian (durio zibethinus)/3208.jpg,0,Durian
Durian (durio zibethinus)/3209.jpg,0,Durian
Durian (durio zibethinus)/321.jpg,0,Durian
Durian (durio zibethinus)/3210.jpg,0,Durian
Durian (durio zibethinus)/3211.jpg,0,Durian
Durian (durio zibethinus)/3212.jpg,0,Durian
Durian (durio zibethinus)/3213.jpg,0,Durian
Durian (durio zibethinus)/3214.jpg,0,Durian
Durian (durio zibethinus)/3215.jpg,0,Durian
Durian (durio zibethinus)/3216.jpg,0,Durian
Durian (durio zibethinus)/3217.jpg,0,Durian
Durian (durio zibethinus)/3218.jpg,0,Durian
Durian (durio zibethinus)/3219.jpg,0,Durian
Durian (durio zibethinus)/322.jpg,0,Durian
Durian (durio zibethinus)/3220.jpg,0,Durian
Durian (durio zibethinus)/3221.jpg,0,Durian
Durian (durio zibethinus)/3222.jpg,0,Durian
Durian (durio zibethinus)/3223.jpg,0,Durian
Durian (durio zibethinus)/3224.jpg,0,Durian
Durian (durio zibethinus)/3225.jpg,0,Durian
Durian (durio zibethinus)/3226.jpg,0,Durian
Durian (durio zibethinus)/3227.jpg,0,Durian
Durian (durio zibethinus)/3228.jpg,0,Durian
Durian (durio zibethinus)/3229.jpg,0,Durian
Durian (durio zibethinus)/323.jpg,0,Durian
Durian (durio zibethinus)/3230.jpg,0,Durian
Durian (durio zibethinus)/3231.jpg,0,Durian
Durian (durio zibethinus)/3232.jpg,0,Durian
Durian (durio zibethinus)/3233.jpg,0,Durian
Durian (durio zibethinus)/3234.jpg,0,Durian
Durian (durio zibethinus)/3235.jpg,0,Durian
Durian (durio zibethinus)/3236.jpg,0,Durian
Durian (durio zibethinus)/3237.jpg,0,Durian
Durian (durio zibethinus)/3238.jpg,0,Durian
Durian (durio zibethinus)/3239.jpg,0,Durian
Durian (durio zibethinus)/324.jpg,0,Durian
Durian (durio zibethinus)/3240.jpg,0,Durian
Durian (durio zibethinus)/3241.jpg,0,Durian
Durian (durio zibethinus)/3242.jpg,0,Durian
Durian (durio zibethinus)/3243.jpg,0,Durian
Durian (durio zibethinus)/3244.jpg,0,Durian
Durian (durio zibethinus)/3245.jpg,0,Durian
Durian (durio zibethinus)/3246.jpg,0,Durian
Durian (durio zibethinus)/3247.jpg,0,Durian
Durian (durio zibethinus)/3248.jpg,0,Durian
Durian (durio zibethinus)/3249.jpg,0,Durian
Durian (durio zibethinus)/325.jpg,0,Durian
Durian (durio zibethinus)/3250.jpg,0,Durian
Durian (durio zibethinus)/3251.jpg,0,Durian
Durian (durio zibethinus)/3252.jpg,0,Durian
Durian (durio zibethinus)/3253.jpg,0,Durian
Durian (durio zibethinus)/3254.jpg,0,Durian
Durian (durio zibethinus)/3255.jpg,0,Durian
Durian (durio zibethinus)/3256.jpg,0,Durian
Durian (durio zibethinus)/3257.jpg,0,Durian
Durian (durio zibethinus)/3258.jpg,0,Durian
Durian (durio zibethinus)/3259.jpg,0,Durian
Durian (durio zibethinus)/326.jpg,0,Durian
Durian (durio zibethinus)/3260.jpg,0,Durian
Durian (durio zibethinus)/3261.jpg,0,Durian
Durian (durio zibethinus)/3262.jpg,0,Durian
Durian (durio zibethinus)/3263.jpg,0,Durian
Durian (durio zibethinus)/3264.jpg,0,Durian
Durian (durio zibethinus)/3265.jpg,0,Durian
Durian (durio zibethinus)/3266.jpg,0,Durian
Durian (durio zibethinus)/3267.jpg,0,Durian
Durian (durio zibethinus)/3268.jpg,0,Durian
Durian (durio zibethinus)/3269.jpg,0,Durian
Durian (durio zibethinus)/327.jpg,0,Durian
Durian (durio zibethinus)/3270.jpg,0,Durian
Durian (durio zibethinus)/3271.jpg,0,Durian
Durian (durio zibethinus)/3272.jpg,0,Durian
Durian (durio zibethinus)/3273.jpg,0,Durian
Durian (durio zibethinus)/3274.jpg,0,Durian
Durian (durio zibethinus)/3275.jpg,0,Durian
Durian (durio zibethinus)/3276.jpg,0,Durian
Durian (durio zibethinus)/3277.jpg,0,Durian
Durian (durio zibethinus)/3278.jpg,0,Durian
Durian (durio zibethinus)/3279.jpg,0,Durian
Durian (durio zibethinus)/328.jpg,0,Durian
Durian (durio zibethinus)/3280.jpg,0,Durian
Durian (durio zibethinus)/3281.jpg,0,Durian
Durian (durio zibethinus)/3282.jpg,0,Durian
Durian (durio zibethinus)/3283.jpg,0,Durian
Durian (durio zibethinus)/3284.jpg,0,Durian
Durian (durio zibethinus)/3285.jpg,0,Durian
Durian (durio zibethinus)/3286.jpg,0,Durian
Durian (durio zibethinus)/3287.jpg,0,Durian
Durian (durio zibethinus)/3288.jpg,0,Durian
Durian (durio zibethinus)/3289.jpg,0,Durian
Durian (durio zibethinus)/329.jpg,0,Durian
Durian (durio zibethinus)/3290.jpg,0,Durian
Durian (durio zibethinus)/3291.jpg,0,Durian
Durian (durio zibethinus)/3292.jpg,0,Durian
Durian (durio zibethinus)/3293.jpg,0,Durian
Durian (durio zibethinus)/3294.jpg,0,Durian
Durian (durio zibethinus)/3295.jpg,0,Durian
Durian (durio zibethinus)/3296.jpg,0,Durian
Durian (durio zibethinus)/3297.jpg,0,Durian
Durian (durio zibethinus)/3298.jpg,0,Durian
Durian (durio zibethinus)/3299.jpg,0,Durian
Durian (durio zibethinus)/33.jpg,0,Durian
Durian (durio zibethinus)/330.jpg,0,Durian
Durian (durio zibethinus)/3300.jpg,0,Durian
Durian (durio zibethinus)/3301.jpg,0,Durian
Durian (durio zibethinus)/3302.jpg,0,Durian
Durian (durio zibethinus)/3303.jpg,0,Durian
Durian (durio zibethinus)/3304.jpg,0,Durian
Durian (durio zibethinus)/3305.jpg,0,Durian
Durian (durio zibethinus)/3306.jpg,0,Durian
Durian (durio zibethinus)/3307.jpg,0,Durian
Durian (durio zibethinus)/3308.jpg,0,Durian
Durian (durio zibethinus)/3309.jpg,0,Durian
Durian (durio zibethinus)/331.jpg,0,Durian
Durian (durio zibethinus)/3310.jpg,0,Durian
Durian (durio zibethinus)/3311.jpg,0,Durian
Durian (durio zibethinus)/3312.jpg,0,Durian
Durian (durio zibethinus)/3313.jpg,0,Durian
Durian (durio zibethinus)/3314.jpg,0,Durian
Durian (durio zibethinus)/3315.jpg,0,Durian
Durian (durio zibethinus)/3316.jpg,0,Durian
Durian (durio zibethinus)/3317.jpg,0,Durian
Durian (durio zibethinus)/3318.jpg,0,Durian
Durian (durio zibethinus)/3319.jpg,0,Durian
Durian (durio zibethinus)/332.jpg,0,Durian
Durian (durio zibethinus)/3320.jpg,0,Durian
Durian (durio zibethinus)/3321.jpg,0,Durian
Durian (durio zibethinus)/3322.jpg,0,Durian
Durian (durio zibethinus)/3323.jpg,0,Durian
Durian (durio zibethinus)/3324.jpg,0,Durian
Durian (durio zibethinus)/3325.jpg,0,Durian
Durian (durio zibethinus)/3326.jpg,0,Durian
Durian (durio zibethinus)/333.jpg,0,Durian
Durian (durio zibethinus)/334.jpg,0,Durian
Durian (durio zibethinus)/335.jpg,0,Durian
Durian (durio zibethinus)/336.jpg,0,Durian
Durian (durio zibethinus)/337.jpg,0,Durian
Durian (durio zibethinus)/338.jpg,0,Durian
Durian (durio zibethinus)/339.jpg,0,Durian
Durian (durio zibethinus)/34.jpg,0,Durian
Durian (durio zibethinus)/340.jpg,0,Durian
Durian (durio zibethinus)/341.jpg,0,Durian
Durian (durio zibethinus)/342.jpg,0,Durian
Durian (durio zibethinus)/343.jpg,0,Durian
Durian (durio zibethinus)/344.jpg,0,Durian
Durian (durio zibethinus)/345.jpg,0,Durian
Durian (durio zibethinus)/346.jpg,0,Durian
Durian (durio zibethinus)/347.jpg,0,Durian
Durian (durio zibethinus)/348.jpg,0,Durian
Durian (durio zibethinus)/349.jpg,0,Durian
Durian (durio zibethinus)/35.jpg,0,Durian
Durian (durio zibethinus)/350.jpg,0,Durian
Durian (durio zibethinus)/351.jpg,0,Durian
Durian (durio zibethinus)/352.jpg,0,Durian
Durian (durio zibethinus)/353.jpg,0,Durian
Durian (durio zibethinus)/354.jpg,0,Durian
Durian (durio zibethinus)/355.jpg,0,Durian
Durian (durio zibethinus)/356.jpg,0,Durian
Durian (durio zibethinus)/357.jpg,0,Durian
Durian (durio zibethinus)/358.jpg,0,Durian
Durian (durio zibethinus)/359.jpg,0,Durian
Durian (durio zibethinus)/36.jpg,0,Durian
Durian (durio zibethinus)/360.jpg,0,Durian
Durian (durio zibethinus)/361.jpg,0,Durian
Durian (durio zibethinus)/362.jpg,0,Durian
Durian (durio zibethinus)/363.jpg,0,Durian
Durian (durio zibethinus)/364.jpg,0,Durian
Durian (durio zibethinus)/365.jpg,0,Durian
Durian (durio zibethinus)/366.jpg,0,Durian
Durian (durio zibethinus)/367.jpg,0,Durian
Durian (durio zibethinus)/368.jpg,0,Durian
Durian (durio zibethinus)/369.jpg,0,Durian
Durian (durio zibethinus)/37.jpg,0,Durian
Durian (durio zibethinus)/370.jpg,0,Durian
Durian (durio zibethinus)/371.jpg,0,Durian
Durian (durio zibethinus)/372.jpg,0,Durian
Durian (durio zibethinus)/373.jpg,0,Durian
Durian (durio zibethinus)/374.jpg,0,Durian
Durian (durio zibethinus)/375.jpg,0,Durian
Durian (durio zibethinus)/376.jpg,0,Durian
Durian (durio zibethinus)/377.jpg,0,Durian
Durian (durio zibethinus)/378.jpg,0,Durian
Durian (durio zibethinus)/379.jpg,0,Durian
Durian (durio zibethinus)/38.jpg,0,Durian
Durian (durio zibethinus)/380.jpg,0,Durian
Durian (durio zibethinus)/381.jpg,0,Durian
Durian (durio zibethinus)/382.jpg,0,Durian
Durian (durio zibethinus)/383.jpg,0,Durian
Durian (durio zibethinus)/384.jpg,0,Durian
Durian (durio zibethinus)/385.jpg,0,Durian
Durian (durio zibethinus)/386.jpg,0,Durian
Durian (durio zibethinus)/387.jpg,0,Durian
Durian (durio zibethinus)/388.jpg,0,Durian
Durian (durio zibethinus)/389.jpg,0,Durian
Durian (durio zibethinus)/39.jpg,0,Durian
Durian (durio zibethinus)/390.jpg,0,Durian
Durian (durio zibethinus)/391.jpg,0,Durian
Durian (durio zibethinus)/392.jpg,0,Durian
Durian (durio zibethinus)/393.jpg,0,Durian
Durian (durio zibethinus)/394.jpg,0,Durian
Durian (durio zibethinus)/395.jpg,0,Durian
Durian (durio zibethinus)/396.jpg,0,Durian
Durian (durio zibethinus)/397.jpg,0,Durian
Durian (durio zibethinus)/398.jpg,0,Durian
Durian (durio zibethinus)/399.jpg,0,Durian
Durian (durio zibethinus)/4.jpg,0,Durian
Durian (durio zibethinus)/40.jpg,0,Durian
Durian (durio zibethinus)/400.jpg,0,Durian
Durian (durio zibethinus)/401.jpg,0,Durian
Durian (durio zibethinus)/402.jpg,0,Durian
Durian (durio zibethinus)/403.jpg,0,Durian
Durian (durio zibethinus)/404.jpg,0,Durian
Durian (durio zibethinus)/405.jpg,0,Durian
Durian (durio zibethinus)/406.jpg,0,Durian
Durian (durio zibethinus)/407.jpg,0,Durian
Durian (durio zibethinus)/408.jpg,0,Durian
Durian (durio zibethinus)/409.jpg,0,Durian
Durian (durio zibethinus)/41.jpg,0,Durian
Durian (durio zibethinus)/410.jpg,0,Durian
Durian (durio zibethinus)/411.jpg,0,Durian
Durian (durio zibethinus)/412.jpg,0,Durian
Durian (durio zibethinus)/413.jpg,0,Durian
Durian (durio zibethinus)/414.jpg,0,Durian
Durian (durio zibethinus)/415.jpg,0,Durian
Durian (durio zibethinus)/416.jpg,0,Durian
Durian (durio zibethinus)/417.jpg,0,Durian
Durian (durio zibethinus)/418.jpg,0,Durian
Durian (durio zibethinus)/419.jpg,0,Durian
Durian (durio zibethinus)/42.jpg,0,Durian
Durian (durio zibethinus)/420.jpg,0,Durian
Durian (durio zibethinus)/421.jpg,0,Durian
Durian (durio zibethinus)/422.jpg,0,Durian
Durian (durio zibethinus)/423.jpg,0,Durian
Durian (durio zibethinus)/424.jpg,0,Durian
Durian (durio zibethinus)/425.jpg,0,Durian
Durian (durio zibethinus)/426.jpg,0,Durian
Durian (durio zibethinus)/427.jpg,0,Durian
Durian (durio zibethinus)/428.jpg,0,Durian
Durian (durio zibethinus)/429.jpg,0,Durian
Durian (durio zibethinus)/43.jpg,0,Durian
Durian (durio zibethinus)/430.jpg,0,Durian
Durian (durio zibethinus)/431.jpg,0,Durian
Durian (durio zibethinus)/432.jpg,0,Durian
Durian (durio zibethinus)/433.jpg,0,Durian
Durian (durio zibethinus)/434.jpg,0,Durian
Durian (durio zibethinus)/435.jpg,0,Durian
Durian (durio zibethinus)/436.jpg,0,Durian
Durian (durio zibethinus)/437.jpg,0,Durian
Durian (durio zibethinus)/438.jpg,0,Durian
Durian (durio zibethinus)/439.jpg,0,Durian
Durian (durio zibethinus)/44.jpg,0,Durian
Durian (durio zibethinus)/440.jpg,0,Durian
Durian (durio zibethinus)/441.jpg,0,Durian
Durian (durio zibethinus)/442.jpg,0,Durian
Durian (durio zibethinus)/443.jpg,0,Durian
Durian (durio zibethinus)/444.jpg,0,Durian
Durian (durio zibethinus)/445.jpg,0,Durian
Durian (durio zibethinus)/446.jpg,0,Durian
Durian (durio zibethinus)/447.jpg,0,Durian
Durian (durio zibethinus)/448.jpg,0,Durian
Durian (durio zibethinus)/449.jpg,0,Durian
Durian (durio zibethinus)/45.jpg,0,Durian
Durian (durio zibethinus)/450.jpg,0,Durian
Durian (durio zibethinus)/451.jpg,0,Durian
Durian (durio zibethinus)/452.jpg,0,Durian
Durian (durio zibethinus)/453.jpg,0,Durian
Durian (durio zibethinus)/454.jpg,0,Durian
Durian (durio zibethinus)/455.jpg,0,Durian
Durian (durio zibethinus)/456.jpg,0,Durian
Durian (durio zibethinus)/457.jpg,0,Durian
Durian (durio zibethinus)/458.jpg,0,Durian
Durian (durio zibethinus)/459.jpg,0,Durian
Durian (durio zibethinus)/46.jpg,0,Durian
Durian (durio zibethinus)/460.jpg,0,Durian
Durian (durio zibethinus)/461.jpg,0,Durian
Durian (durio zibethinus)/462.jpg,0,Durian
Durian (durio zibethinus)/463.jpg,0,Durian
Durian (durio zibethinus)/464.jpg,0,Durian
Durian (durio zibethinus)/465.jpg,0,Durian
Durian (durio zibethinus)/466.jpg,0,Durian
Durian (durio zibethinus)/467.jpg,0,Durian
Durian (durio zibethinus)/468.jpg,0,Durian
Durian (durio zibethinus)/469.jpg,0,Durian
Durian (durio zibethinus)/47.jpg,0,Durian
Durian (durio zibethinus)/470.jpg,0,Durian
Durian (durio zibethinus)/471.jpg,0,Durian
Durian (durio zibethinus)/472.jpg,0,Durian
Durian (durio zibethinus)/473.jpg,0,Durian
Durian (durio zibethinus)/474.jpg,0,Durian
Durian (durio zibethinus)/475.jpg,0,Durian
Durian (durio zibethinus)/476.jpg,0,Durian
Durian (durio zibethinus)/477.jpg,0,Durian
Durian (durio zibethinus)/478.jpg,0,Durian
Durian (durio zibethinus)/479.jpg,0,Durian
Durian (durio zibethinus)/48.jpg,0,Durian
Durian (durio zibethinus)/480.jpg,0,Durian
Durian (durio zibethinus)/481.jpg,0,Durian
Durian (durio zibethinus)/482.jpg,0,Durian
Durian (durio zibethinus)/483.jpg,0,Durian
Durian (durio zibethinus)/484.jpg,0,Durian
Durian (durio zibethinus)/485.jpg,0,Durian
Durian (durio zibethinus)/486.jpg,0,Durian
Durian (durio zibethinus)/487.jpg,0,Durian
Durian (durio zibethinus)/488.jpg,0,Durian
Durian (durio zibethinus)/489.jpg,0,Durian
Durian (durio zibethinus)/49.jpg,0,Durian
Durian (durio zibethinus)/490.jpg,0,Durian
Durian (durio zibethinus)/491.jpg,0,Durian
Durian (durio zibethinus)/492.jpg,0,Durian
Durian (durio zibethinus)/493.jpg,0,Durian
Durian (durio zibethinus)/494.jpg,0,Durian
Durian (durio zibethinus)/495.jpg,0,Durian
Durian (durio zibethinus)/496.jpg,0,Durian
Durian (durio zibethinus)/497.jpg,0,Durian
Durian (durio zibethinus)/498.jpg,0,Durian
Durian (durio zibethinus)/499.jpg,0,Durian
Durian (durio zibethinus)/5.jpg,0,Durian
Durian (durio zibethinus)/50.jpg,0,Durian
Durian (durio zibethinus)/500.jpg,0,Durian
Durian (durio zibethinus)/501.jpg,0,Durian
Durian (durio zibethinus)/502.jpg,0,Durian
Durian (durio zibethinus)/503.jpg,0,Durian
Durian (durio zibethinus)/504.jpg,0,Durian
Durian (durio zibethinus)/505.jpg,0,Durian
Durian (durio zibethinus)/506.jpg,0,Durian
Durian (durio zibethinus)/507.jpg,0,Durian
Durian (durio zibethinus)/508.jpg,0,Durian
Durian (durio zibethinus)/509.jpg,0,Durian
Durian (durio zibethinus)/51.jpg,0,Durian
Durian (durio zibethinus)/510.jpg,0,Durian
Durian (durio zibethinus)/511.jpg,0,Durian
Durian (durio zibethinus)/512.jpg,0,Durian
Durian (durio zibethinus)/513.jpg,0,Durian
Durian (durio zibethinus)/514.jpg,0,Durian
Durian (durio zibethinus)/515.jpg,0,Durian
Durian (durio zibethinus)/516.jpg,0,Durian
Durian (durio zibethinus)/517.jpg,0,Durian
Durian (durio zibethinus)/518.jpg,0,Durian
Durian (durio zibethinus)/519.jpg,0,Durian
Durian (durio zibethinus)/52.jpg,0,Durian
Durian (durio zibethinus)/520.jpg,0,Durian
Durian (durio zibethinus)/521.jpg,0,Durian
Durian (durio zibethinus)/522.jpg,0,Durian
Durian (durio zibethinus)/523.jpg,0,Durian
Durian (durio zibethinus)/524.jpg,0,Durian
Durian (durio zibethinus)/525.jpg,0,Durian
Durian (durio zibethinus)/526.jpg,0,Durian
Durian (durio zibethinus)/527.jpg,0,Durian
Durian (durio zibethinus)/528.jpg,0,Durian
Durian (durio zibethinus)/529.jpg,0,Durian
Durian (durio zibethinus)/53.jpg,0,Durian
Durian (durio zibethinus)/530.jpg,0,Durian
Durian (durio zibethinus)/531.jpg,0,Durian
Durian (durio zibethinus)/532.jpg,0,Durian
Durian (durio zibethinus)/533.jpg,0,Durian
Durian (durio zibethinus)/534.jpg,0,Durian
Durian (durio zibethinus)/535.jpg,0,Durian
Durian (durio zibethinus)/536.jpg,0,Durian
Durian (durio zibethinus)/537.jpg,0,Durian
Durian (durio zibethinus)/538.jpg,0,Durian
Durian (durio zibethinus)/539.jpg,0,Durian
Durian (durio zibethinus)/54.jpg,0,Durian
Durian (durio zibethinus)/540.jpg,0,Durian
Durian (durio zibethinus)/541.jpg,0,Durian
Durian (durio zibethinus)/542.jpg,0,Durian
Durian (durio zibethinus)/543.jpg,0,Durian
Durian (durio zibethinus)/544.jpg,0,Durian
Durian (durio zibethinus)/545.jpg,0,Durian
Durian (durio zibethinus)/546.jpg,0,Durian
Durian (durio zibethinus)/547.jpg,0,Durian
Durian (durio zibethinus)/548.jpg,0,Durian
Durian (durio zibethinus)/549.jpg,0,Durian
Durian (durio zibethinus)/55.jpg,0,Durian
Durian (durio zibethinus)/550.jpg,0,Durian
Durian (durio zibethinus)/551.jpg,0,Durian
Durian (durio zibethinus)/552.jpg,0,Durian
Durian (durio zibethinus)/553.jpg,0,Durian
Durian (durio zibethinus)/554.jpg,0,Durian
Durian (durio zibethinus)/555.jpg,0,Durian
Durian (durio zibethinus)/556.jpg,0,Durian
Durian (durio zibethinus)/557.jpg,0,Durian
Durian (durio zibethinus)/558.jpg,0,Durian
Durian (durio zibethinus)/559.jpg,0,Durian
Durian (durio zibethinus)/56.jpg,0,Durian
Durian (durio zibethinus)/560.jpg,0,Durian
Durian (durio zibethinus)/561.jpg,0,Durian
Durian (durio zibethinus)/562.jpg,0,Durian
Durian (durio zibethinus)/563.jpg,0,Durian
Durian (durio zibethinus)/564.jpg,0,Durian
Durian (durio zibethinus)/565.jpg,0,Durian
Durian (durio zibethinus)/566.jpg,0,Durian
Durian (durio zibethinus)/567.jpg,0,Durian
Durian (durio zibethinus)/568.jpg,0,Durian
Durian (durio zibethinus)/569.jpg,0,Durian
Durian (durio zibethinus)/57.jpg,0,Durian
Durian (durio zibethinus)/570.jpg,0,Durian
Durian (durio zibethinus)/571.jpg,0,Durian
Durian (durio zibethinus)/572.jpg,0,Durian
Durian (durio zibethinus)/573.jpg,0,Durian
Durian (durio zibethinus)/574.jpg,0,Durian
Durian (durio zibethinus)/575.jpg,0,Durian
Durian (durio zibethinus)/576.jpg,0,Durian
Durian (durio zibethinus)/577.jpg,0,Durian
Durian (durio zibethinus)/578.jpg,0,Durian
Durian (durio zibethinus)/579.jpg,0,Durian
Durian (durio zibethinus)/58.jpg,0,Durian
Durian (durio zibethinus)/580.jpg,0,Durian
Durian (durio zibethinus)/581.jpg,0,Durian
Durian (durio zibethinus)/582.jpg,0,Durian
Durian (durio zibethinus)/583.jpg,0,Durian
Durian (durio zibethinus)/584.jpg,0,Durian
Durian (durio zibethinus)/585.jpg,0,Durian
Durian (durio zibethinus)/586.jpg,0,Durian
Durian (durio zibethinus)/587.jpg,0,Durian
Durian (durio zibethinus)/588.jpg,0,Durian
Durian (durio zibethinus)/589.jpg,0,Durian
Durian (durio zibethinus)/59.jpg,0,Durian
Durian (durio zibethinus)/590.jpg,0,Durian
Durian (durio zibethinus)/591.jpg,0,Durian
Durian (durio zibethinus)/592.jpg,0,Durian
Durian (durio zibethinus)/593.jpg,0,Durian
Durian (durio zibethinus)/594.jpg,0,Durian
Durian (durio zibethinus)/595.jpg,0,Durian
Durian (durio zibethinus)/596.jpg,0,Durian
Durian (durio zibethinus)/597.jpg,0,Durian
Durian (durio zibethinus)/598.jpg,0,Durian
Durian (durio zibethinus)/599.jpg,0,Durian
Durian (durio zibethinus)/6.jpg,0,Durian
Durian (durio zibethinus)/60.jpg,0,Durian
Durian (durio zibethinus)/600.jpg,0,Durian
Durian (durio zibethinus)/601.jpg,0,Durian
Durian (durio zibethinus)/602.jpg,0,Durian
Durian (durio zibethinus)/603.jpg,0,Durian
Durian (durio zibethinus)/604.jpg,0,Durian
Durian (durio zibethinus)/605.jpg,0,Durian
Durian (durio zibethinus)/606.jpg,0,Durian
Durian (durio zibethinus)/607.jpg,0,Durian
Durian (durio zibethinus)/608.jpg,0,Durian
Durian (durio zibethinus)/609.jpg,0,Durian
Durian (durio zibethinus)/61.jpg,0,Durian
Durian (durio zibethinus)/610.jpg,0,Durian
Durian (durio zibethinus)/611.jpg,0,Durian
Durian (durio zibethinus)/612.jpg,0,Durian
Durian (durio zibethinus)/613.jpg,0,Durian
Durian (durio zibethinus)/614.jpg,0,Durian
Durian (durio zibethinus)/615.jpg,0,Durian
Durian (durio zibethinus)/616.jpg,0,Durian
Durian (durio zibethinus)/617.jpg,0,Durian
Durian (durio zibethinus)/618.jpg,0,Durian
Durian (durio zibethinus)/619.jpg,0,Durian
Durian (durio zibethinus)/62.jpg,0,Durian
Durian (durio zibethinus)/620.jpg,0,Durian
Durian (durio zibethinus)/621.jpg,0,Durian
Durian (durio zibethinus)/622.jpg,0,Durian
Durian (durio zibethinus)/623.jpg,0,Durian
Durian (durio zibethinus)/624.jpg,0,Durian
Durian (durio zibethinus)/625.jpg,0,Durian
Durian (durio zibethinus)/626.jpg,0,Durian
Durian (durio zibethinus)/627.jpg,0,Durian
Durian (durio zibethinus)/628.jpg,0,Durian
Durian (durio zibethinus)/629.jpg,0,Durian
Durian (durio zibethinus)/63.jpg,0,Durian
Durian (durio zibethinus)/630.jpg,0,Durian
Durian (durio zibethinus)/631.jpg,0,Durian
Durian (durio zibethinus)/632.jpg,0,Durian
Durian (durio zibethinus)/633.jpg,0,Durian
Durian (durio zibethinus)/634.jpg,0,Durian
Durian (durio zibethinus)/635.jpg,0,Durian
Durian (durio zibethinus)/636.jpg,0,Durian
Durian (durio zibethinus)/637.jpg,0,Durian
Durian (durio zibethinus)/638.jpg,0,Durian
Durian (durio zibethinus)/639.jpg,0,Durian
Durian (durio zibethinus)/64.jpg,0,Durian
Durian (durio zibethinus)/640.jpg,0,Durian
Durian (durio zibethinus)/641.jpg,0,Durian
Durian (durio zibethinus)/642.jpg,0,Durian
Durian (durio zibethinus)/643.jpg,0,Durian
Durian (durio zibethinus)/644.jpg,0,Durian
Durian (durio zibethinus)/645.jpg,0,Durian
Durian (durio zibethinus)/646.jpg,0,Durian
Durian (durio zibethinus)/647.jpg,0,Durian
Durian (durio zibethinus)/648.jpg,0,Durian
Durian (durio zibethinus)/649.jpg,0,Durian
Durian (durio zibethinus)/65.jpg,0,Durian
Durian (durio zibethinus)/650.jpg,0,Durian
Durian (durio zibethinus)/651.jpg,0,Durian
Durian (durio zibethinus)/652.jpg,0,Durian
Durian (durio zibethinus)/653.jpg,0,Durian
Durian (durio zibethinus)/654.jpg,0,Durian
Durian (durio zibethinus)/655.jpg,0,Durian
Durian (durio zibethinus)/656.jpg,0,Durian
Durian (durio zibethinus)/657.jpg,0,Durian
Durian (durio zibethinus)/658.jpg,0,Durian
Durian (durio zibethinus)/659.jpg,0,Durian
Durian (durio zibethinus)/66.jpg,0,Durian
Durian (durio zibethinus)/660.jpg,0,Durian
Durian (durio zibethinus)/661.jpg,0,Durian
Durian (durio zibethinus)/662.jpg,0,Durian
Durian (durio zibethinus)/663.jpg,0,Durian
Durian (durio zibethinus)/664.jpg,0,Durian
Durian (durio zibethinus)/665.jpg,0,Durian
Durian (durio zibethinus)/666.jpg,0,Durian
Durian (durio zibethinus)/667.jpg,0,Durian
Durian (durio zibethinus)/668.jpg,0,Durian
Durian (durio zibethinus)/669.jpg,0,Durian
Durian (durio zibethinus)/67.jpg,0,Durian
Durian (durio zibethinus)/670.jpg,0,Durian
Durian (durio zibethinus)/671.jpg,0,Durian
Durian (durio zibethinus)/672.jpg,0,Durian
Durian (durio zibethinus)/673.jpg,0,Durian
Durian (durio zibethinus)/674.jpg,0,Durian
Durian (durio zibethinus)/675.jpg,0,Durian
Durian (durio zibethinus)/676.jpg,0,Durian
Durian (durio zibethinus)/677.jpg,0,Durian
Durian (durio zibethinus)/678.jpg,0,Durian
Durian (durio zibethinus)/679.jpg,0,Durian
Durian (durio zibethinus)/68.jpg,0,Durian
Durian (durio zibethinus)/680.jpg,0,Durian
Durian (durio zibethinus)/681.jpg,0,Durian
Durian (durio zibethinus)/682.jpg,0,Durian
Durian (durio zibethinus)/683.jpg,0,Durian
Durian (durio zibethinus)/684.jpg,0,Durian
Durian (durio zibethinus)/685.jpg,0,Durian
Durian (durio zibethinus)/686.jpg,0,Durian
Durian (durio zibethinus)/687.jpg,0,Durian
Durian (durio zibethinus)/688.jpg,0,Durian
Durian (durio zibethinus)/689.jpg,0,Durian
Durian (durio zibethinus)/69.jpg,0,Durian
Durian (durio zibethinus)/690.jpg,0,Durian
Durian (durio zibethinus)/691.jpg,0,Durian
Durian (durio zibethinus)/692.jpg,0,Durian
Durian (durio zibethinus)/693.jpg,0,Durian
Durian (durio zibethinus)/694.jpg,0,Durian
Durian (durio zibethinus)/695.jpg,0,Durian
Durian (durio zibethinus)/696.jpg,0,Durian
Durian (durio zibethinus)/697.jpg,0,Durian
Durian (durio zibethinus)/698.jpg,0,Durian
Durian (durio zibethinus)/699.jpg,0,Durian
Durian (durio zibethinus)/7.jpg,0,Durian
Durian (durio zibethinus)/70.jpg,0,Durian
Durian (durio zibethinus)/700.jpg,0,Durian
Durian (durio zibethinus)/701.jpg,0,Durian
Durian (durio zibethinus)/702.jpg,0,Durian
Durian (durio zibethinus)/703.jpg,0,Durian
Durian (durio zibethinus)/704.jpg,0,Durian
Durian (durio zibethinus)/705.jpg,0,Durian
Durian (durio zibethinus)/706.jpg,0,Durian
Durian (durio zibethinus)/707.jpg,0,Durian
Durian (durio zibethinus)/708.jpg,0,Durian
Durian (durio zibethinus)/709.jpg,0,Durian
Durian (durio zibethinus)/71.jpg,0,Durian
Durian (durio zibethinus)/710.jpg,0,Durian
Durian (durio zibethinus)/711.jpg,0,Durian
Durian (durio zibethinus)/712.jpg,0,Durian
Durian (durio zibethinus)/713.jpg,0,Durian
Durian (durio zibethinus)/714.jpg,0,Durian
Durian (durio zibethinus)/715.jpg,0,Durian
Durian (durio zibethinus)/716.jpg,0,Durian
Durian (durio zibethinus)/717.jpg,0,Durian
Durian (durio zibethinus)/718.jpg,0,Durian
Durian (durio zibethinus)/719.jpg,0,Durian
Durian (durio zibethinus)/72.jpg,0,Durian
Durian (durio zibethinus)/720.jpg,0,Durian
Durian (durio zibethinus)/721.jpg,0,Durian
Durian (durio zibethinus)/722.jpg,0,Durian
Durian (durio zibethinus)/723.jpg,0,Durian
Durian (durio zibethinus)/724.jpg,0,Durian
Durian (durio zibethinus)/725.jpg,0,Durian
Durian (durio zibethinus)/726.jpg,0,Durian
Durian (durio zibethinus)/727.jpg,0,Durian
Durian (durio zibethinus)/728.jpg,0,Durian
Durian (durio zibethinus)/729.jpg,0,Durian
Durian (durio zibethinus)/73.jpg,0,Durian
Durian (durio zibethinus)/730.jpg,0,Durian
Durian (durio zibethinus)/731.jpg,0,Durian
Durian (durio zibethinus)/732.jpg,0,Durian
Durian (durio zibethinus)/733.jpg,0,Durian
Durian (durio zibethinus)/734.jpg,0,Durian
Durian (durio zibethinus)/735.jpg,0,Durian
Durian (durio zibethinus)/736.jpg,0,Durian
Durian (durio zibethinus)/737.jpg,0,Durian
Durian (durio zibethinus)/738.jpg,0,Durian
Durian (durio zibethinus)/739.jpg,0,Durian
Durian (durio zibethinus)/74.jpg,0,Durian
Durian (durio zibethinus)/740.jpg,0,Durian
Durian (durio zibethinus)/741.jpg,0,Durian
Durian (durio zibethinus)/742.jpg,0,Durian
Durian (durio zibethinus)/743.jpg,0,Durian
Durian (durio zibethinus)/744.jpg,0,Durian
Durian (durio zibethinus)/745.jpg,0,Durian
Durian (durio zibethinus)/746.jpg,0,Durian
Durian (durio zibethinus)/747.jpg,0,Durian
Durian (durio zibethinus)/748.jpg,0,Durian
Durian (durio zibethinus)/749.jpg,0,Durian
Durian (durio zibethinus)/75.jpg,0,Durian
Durian (durio zibethinus)/750.jpg,0,Durian
Durian (durio zibethinus)/751.jpg,0,Durian
Durian (durio zibethinus)/752.jpg,0,Durian
Durian (durio zibethinus)/753.jpg,0,Durian
Durian (durio zibethinus)/754.jpg,0,Durian
Durian (durio zibethinus)/755.jpg,0,Durian
Durian (durio zibethinus)/756.jpg,0,Durian
Durian (durio zibethinus)/757.jpg,0,Durian
Durian (durio zibethinus)/758.jpg,0,Durian
Durian (durio zibethinus)/759.jpg,0,Durian
Durian (durio zibethinus)/76.jpg,0,Durian
Durian (durio zibethinus)/760.jpg,0,Durian
Durian (durio zibethinus)/761.jpg,0,Durian
Durian (durio zibethinus)/762.jpg,0,Durian
Durian (durio zibethinus)/763.jpg,0,Durian
Durian (durio zibethinus)/764.jpg,0,Durian
Durian (durio zibethinus)/765.jpg,0,Durian
Durian (durio zibethinus)/766.jpg,0,Durian
Durian (durio zibethinus)/767.jpg,0,Durian
Durian (durio zibethinus)/768.jpg,0,Durian
Durian (durio zibethinus)/769.jpg,0,Durian
Durian (durio zibethinus)/77.jpg,0,Durian
Durian (durio zibethinus)/770.jpg,0,Durian
Durian (durio zibethinus)/771.jpg,0,Durian
Durian (durio zibethinus)/772.jpg,0,Durian
Durian (durio zibethinus)/773.jpg,0,Durian
Durian (durio zibethinus)/774.jpg,0,Durian
Durian (durio zibethinus)/775.jpg,0,Durian
Durian (durio zibethinus)/776.jpg,0,Durian
Durian (durio zibethinus)/777.jpg,0,Durian
Durian (durio zibethinus)/778.jpg,0,Durian
Durian (durio zibethinus)/779.jpg,0,Durian
Durian (durio zibethinus)/78.jpg,0,Durian
Durian (durio zibethinus)/780.jpg,0,Durian
Durian (durio zibethinus)/781.jpg,0,Durian
Durian (durio zibethinus)/782.jpg,0,Durian
Durian (durio zibethinus)/783.jpg,0,Durian
Durian (durio zibethinus)/784.jpg,0,Durian
Durian (durio zibethinus)/785.jpg,0,Durian
Durian (durio zibethinus)/786.jpg,0,Durian
Durian (durio zibethinus)/787.jpg,0,Durian
Durian (durio zibethinus)/788.jpg,0,Durian
Durian (durio zibethinus)/789.jpg,0,Durian
Durian (durio zibethinus)/79.jpg,0,Durian
Durian (durio zibethinus)/790.jpg,0,Durian
Durian (durio zibethinus)/791.jpg,0,Durian
Durian (durio zibethinus)/792.jpg,0,Durian
Durian (durio zibethinus)/793.jpg,0,Durian
Durian (durio zibethinus)/794.jpg,0,Durian
Durian (durio zibethinus)/795.jpg,0,Durian
Durian (durio zibethinus)/796.jpg,0,Durian
Durian (durio zibethinus)/797.jpg,0,Durian
Durian (durio zibethinus)/798.jpg,0,Durian
Durian (durio zibethinus)/799.jpg,0,Durian
Durian (durio zibethinus)/8.jpg,0,Durian
Durian (durio zibethinus)/80.jpg,0,Durian
Durian (durio zibethinus)/800.jpg,0,Durian
Durian (durio zibethinus)/801.jpg,0,Durian
Durian (durio zibethinus)/802.jpg,0,Durian
Durian (durio zibethinus)/803.jpg,0,Durian
Durian (durio zibethinus)/804.jpg,0,Durian
Durian (durio zibethinus)/805.jpg,0,Durian
Durian (durio zibethinus)/806.jpg,0,Durian
Durian (durio zibethinus)/807.jpg,0,Durian
Durian (durio zibethinus)/808.jpg,0,Durian
Durian (durio zibethinus)/809.jpg,0,Durian
Durian (durio zibethinus)/81.jpg,0,Durian
Durian (durio zibethinus)/810.jpg,0,Durian
Durian (durio zibethinus)/811.jpg,0,Durian
Durian (durio zibethinus)/812.jpg,0,Durian
Durian (durio zibethinus)/813.jpg,0,Durian
Durian (durio zibethinus)/814.jpg,0,Durian
Durian (durio zibethinus)/815.jpg,0,Durian
Durian (durio zibethinus)/816.jpg,0,Durian
Durian (durio zibethinus)/817.jpg,0,Durian
Durian (durio zibethinus)/818.jpg,0,Durian
Durian (durio zibethinus)/819.jpg,0,Durian
Durian (durio zibethinus)/82.jpg,0,Durian
Durian (durio zibethinus)/820.jpg,0,Durian
Durian (durio zibethinus)/821.jpg,0,Durian
Durian (durio zibethinus)/822.jpg,0,Durian
Durian (durio zibethinus)/823.jpg,0,Durian
Durian (durio zibethinus)/824.jpg,0,Durian
Durian (durio zibethinus)/825.jpg,0,Durian
Durian (durio zibethinus)/826.jpg,0,Durian
Durian (durio zibethinus)/827.jpg,0,Durian
Durian (durio zibethinus)/828.jpg,0,Durian
Durian (durio zibethinus)/829.jpg,0,Durian
Durian (durio zibethinus)/83.jpg,0,Durian
Durian (durio zibethinus)/830.jpg,0,Durian
Durian (durio zibethinus)/831.jpg,0,Durian
Durian (durio zibethinus)/832.jpg,0,Durian
Durian (durio zibethinus)/833.jpg,0,Durian
Durian (durio zibethinus)/834.jpg,0,Durian
Durian (durio zibethinus)/835.jpg,0,Durian
Durian (durio zibethinus)/836.jpg,0,Durian
Durian (durio zibethinus)/837.jpg,0,Durian
Durian (durio zibethinus)/838.jpg,0,Durian
Durian (durio zibethinus)/839.jpg,0,Durian
Durian (durio zibethinus)/84.jpg,0,Durian
Durian (durio zibethinus)/840.jpg,0,Durian
Durian (durio zibethinus)/841.jpg,0,Durian
Durian (durio zibethinus)/842.jpg,0,Durian
Durian (durio zibethinus)/843.jpg,0,Durian
Durian (durio zibethinus)/844.jpg,0,Durian
Durian (durio zibethinus)/845.jpg,0,Durian
Durian (durio zibethinus)/846.jpg,0,Durian
Durian (durio zibethinus)/847.jpg,0,Durian
Durian (durio zibethinus)/848.jpg,0,Durian
Durian (durio zibethinus)/849.jpg,0,Durian
Durian (durio zibethinus)/85.jpg,0,Durian
Durian (durio zibethinus)/850.jpg,0,Durian
Durian (durio zibethinus)/851.jpg,0,Durian
Durian (durio zibethinus)/852.jpg,0,Durian
Durian (durio zibethinus)/853.jpg,0,Durian
Durian (durio zibethinus)/854.jpg,0,Durian
Durian (durio zibethinus)/855.jpg,0,Durian
Durian (durio zibethinus)/856.jpg,0,Durian
Durian (durio zibethinus)/857.jpg,0,Durian
Durian (durio zibethinus)/858.jpg,0,Durian
Durian (durio zibethinus)/859.jpg,0,Durian
Durian (durio zibethinus)/86.jpg,0,Durian
Durian (durio zibethinus)/860.jpg,0,Durian
Durian (durio zibethinus)/861.jpg,0,Durian
Durian (durio zibethinus)/862.jpg,0,Durian
Durian (durio zibethinus)/863.jpg,0,Durian
Durian (durio zibethinus)/864.jpg,0,Durian
Durian (durio zibethinus)/865.jpg,0,Durian
Durian (durio zibethinus)/866.jpg,0,Durian
Durian (durio zibethinus)/867.jpg,0,Durian
Durian (durio zibethinus)/868.jpg,0,Durian
Durian (durio zibethinus)/869.jpg,0,Durian
Durian (durio zibethinus)/87.jpg,0,Durian
Durian (durio zibethinus)/870.jpg,0,Durian
Durian (durio zibethinus)/871.jpg,0,Durian
Durian (durio zibethinus)/872.jpg,0,Durian
Durian (durio zibethinus)/873.jpg,0,Durian
Durian (durio zibethinus)/874.jpg,0,Durian
Durian (durio zibethinus)/875.jpg,0,Durian
Durian (durio zibethinus)/876.jpg,0,Durian
Durian (durio zibethinus)/877.jpg,0,Durian
Durian (durio zibethinus)/878.jpg,0,Durian
Durian (durio zibethinus)/879.jpg,0,Durian
Durian (durio zibethinus)/88.jpg,0,Durian
Durian (durio zibethinus)/880.jpg,0,Durian
Durian (durio zibethinus)/881.jpg,0,Durian
Durian (durio zibethinus)/882.jpg,0,Durian
Durian (durio zibethinus)/883.jpg,0,Durian
Durian (durio zibethinus)/884.jpg,0,Durian
Durian (durio zibethinus)/885.jpg,0,Durian
Durian (durio zibethinus)/886.jpg,0,Durian
Durian (durio zibethinus)/887.jpg,0,Durian
Durian (durio zibethinus)/888.jpg,0,Durian
Durian (durio zibethinus)/889.jpg,0,Durian
Durian (durio zibethinus)/89.jpg,0,Durian
Durian (durio zibethinus)/890.jpg,0,Durian
Durian (durio zibethinus)/891.jpg,0,Durian
Durian (durio zibethinus)/892.jpg,0,Durian
Durian (durio zibethinus)/893.jpg,0,Durian
Durian (durio zibethinus)/894.jpg,0,Durian
Durian (durio zibethinus)/895.jpg,0,Durian
Durian (durio zibethinus)/896.jpg,0,Durian
Durian (durio zibethinus)/897.jpg,0,Durian
Durian (durio zibethinus)/898.jpg,0,Durian
Durian (durio zibethinus)/899.jpg,0,Durian
Durian (durio zibethinus)/9.jpg,0,Durian
Durian (durio zibethinus)/90.jpg,0,Durian
Durian (durio zibethinus)/900.jpg,0,Durian
Durian (durio zibethinus)/901.jpg,0,Durian
Durian (durio zibethinus)/902.jpg,0,Durian
Durian (durio zibethinus)/903.jpg,0,Durian
Durian (durio zibethinus)/904.jpg,0,Durian
Durian (durio zibethinus)/905.jpg,0,Durian
Durian (durio zibethinus)/906.jpg,0,Durian
Durian (durio zibethinus)/907.jpg,0,Durian
Durian (durio zibethinus)/908.jpg,0,Durian
Durian (durio zibethinus)/909.jpg,0,Durian
Durian (durio zibethinus)/91.jpg,0,Durian
Durian (durio zibethinus)/910.jpg,0,Durian
Durian (durio zibethinus)/911.jpg,0,Durian
Durian (durio zibethinus)/912.jpg,0,Durian
Durian (durio zibethinus)/913.jpg,0,Durian
Durian (durio zibethinus)/914.jpg,0,Durian
Durian (durio zibethinus)/915.jpg,0,Durian
Durian (durio zibethinus)/916.jpg,0,Durian
Durian (durio zibethinus)/917.jpg,0,Durian
Durian (durio zibethinus)/918.jpg,0,Durian
Durian (durio zibethinus)/919.jpg,0,Durian
Durian (durio zibethinus)/92.jpg,0,Durian
Durian (durio zibethinus)/920.jpg,0,Durian
Durian (durio zibethinus)/921.jpg,0,Durian
Durian (durio zibethinus)/922.jpg,0,Durian
Durian (durio zibethinus)/923.jpg,0,Durian
Durian (durio zibethinus)/924.jpg,0,Durian
Durian (durio zibethinus)/925.jpg,0,Durian
Durian (durio zibethinus)/926.jpg,0,Durian
Durian (durio zibethinus)/927.jpg,0,Durian
Durian (durio zibethinus)/928.jpg,0,Durian
Durian (durio zibethinus)/929.jpg,0,Durian
Durian (durio zibethinus)/93.jpg,0,Durian
Durian (durio zibethinus)/930.jpg,0,Durian
Durian (durio zibethinus)/931.jpg,0,Durian
Durian (durio zibethinus)/932.jpg,0,Durian
Durian (durio zibethinus)/933.jpg,0,Durian
Durian (durio zibethinus)/934.jpg,0,Durian
Durian (durio zibethinus)/935.jpg,0,Durian
Durian (durio zibethinus)/936.jpg,0,Durian
Durian (durio zibethinus)/937.jpg,0,Durian
Durian (durio zibethinus)/938.jpg,0,Durian
Durian (durio zibethinus)/939.jpg,0,Durian
Durian (durio zibethinus)/94.jpg,0,Durian
Durian (durio zibethinus)/940.jpg,0,Durian
Durian (durio zibethinus)/941.jpg,0,Durian
Durian (durio zibethinus)/942.jpg,0,Durian
Durian (durio zibethinus)/943.jpg,0,Durian
Durian (durio zibethinus)/944.jpg,0,Durian
Durian (durio zibethinus)/945.jpg,0,Durian
Durian (durio zibethinus)/946.jpg,0,Durian
Durian (durio zibethinus)/947.jpg,0,Durian
Durian (durio zibethinus)/948.jpg,0,Durian
Durian (durio zibethinus)/949.jpg,0,Durian
Durian (durio zibethinus)/95.jpg,0,Durian
Durian (durio zibethinus)/950.jpg,0,Durian
Durian (durio zibethinus)/951.jpg,0,Durian
Durian (durio zibethinus)/952.jpg,0,Durian
Durian (durio zibethinus)/953.jpg,0,Durian
Durian (durio zibethinus)/954.jpg,0,Durian
Durian (durio zibethinus)/955.jpg,0,Durian
Durian (durio zibethinus)/956.jpg,0,Durian
Durian (durio zibethinus)/957.jpg,0,Durian
Durian (durio zibethinus)/958.jpg,0,Durian
Durian (durio zibethinus)/959.jpg,0,Durian
Durian (durio zibethinus)/96.jpg,0,Durian
Durian (durio zibethinus)/960.jpg,0,Durian
Durian (durio zibethinus)/961.jpg,0,Durian
Durian (durio zibethinus)/962.jpg,0,Durian
Durian (durio zibethinus)/963.jpg,0,Durian
Durian (durio zibethinus)/964.jpg,0,Durian
Durian (durio zibethinus)/965.jpg,0,Durian
Durian (durio zibethinus)/966.jpg,0,Durian
Durian (durio zibethinus)/967.jpg,0,Durian
Durian (durio zibethinus)/968.jpg,0,Durian
Durian (durio zibethinus)/969.jpg,0,Durian
Durian (durio zibethinus)/97.jpg,0,Durian
Durian (durio zibethinus)/970.jpg,0,Durian
Durian (durio zibethinus)/971.jpg,0,Durian
Durian (durio zibethinus)/972.jpg,0,Durian
Durian (durio zibethinus)/973.jpg,0,Durian
Durian (durio zibethinus)/974.jpg,0,Durian
Durian (durio zibethinus)/975.jpg,0,Durian
Durian (durio zibethinus)/976.jpg,0,Durian
Durian (durio zibethinus)/977.jpg,0,Durian
Durian (durio zibethinus)/978.jpg,0,Durian
Durian (durio zibethinus)/979.jpg,0,Durian
Durian (durio zibethinus)/98.jpg,0,Durian
Durian (durio zibethinus)/980.jpg,0,Durian
Durian (durio zibethinus)/981.jpg,0,Durian
Durian (durio zibethinus)/982.jpg,0,Durian
Durian (durio zibethinus)/983.jpg,0,Durian
Durian (durio zibethinus)/984.jpg,0,Durian
Durian (durio zibethinus)/985.jpg,0,Durian
Durian (durio zibethinus)/986.jpg,0,Durian
Durian (durio zibethinus)/987.jpg,0,Durian
Durian (durio zibethinus)/988.jpg,0,Durian
Durian (durio zibethinus)/989.jpg,0,Durian
Durian (durio zibethinus)/99.jpg,0,Durian
Durian (durio zibethinus)/990.jpg,0,Durian
Durian (durio zibethinus)/991.jpg,0,Durian
Durian (durio zibethinus)/992.jpg,0,Durian
Durian (durio zibethinus)/993.jpg,0,Durian
Durian (durio zibethinus)/994.jpg,0,Durian
Durian (durio zibethinus)/995.jpg,0,Durian
Durian (durio zibethinus)/996.jpg,0,Durian
Durian (durio zibethinus)/997.jpg,0,Durian
Durian (durio zibethinus)/998.jpg,0,Durian
Durian (durio zibethinus)/999.jpg,0,Durian
Papaya (carica papaya)/0.jpg,1,Papaya
Papaya (carica papaya)/1.jpg,1,Papaya
Papaya (carica papaya)/10.jpg,1,Papaya
Papaya (carica papaya)/100.jpg,1,Papaya
Papaya (carica papaya)/1000.jpg,1,Papaya
Papaya (carica papaya)/1001.jpg,1,Papaya
Papaya (carica papaya)/1002.jpg,1,Papaya
Papaya (carica papaya)/1003.jpg,1,Papaya
Papaya (carica papaya)/1004.jpg,1,Papaya
Papaya (carica papaya)/1005.jpg,1,Papaya
Papaya (carica papaya)/1006.jpg,1,Papaya
Papaya (carica papaya)/1007.jpg,1,Papaya
Papaya (carica papaya)/1008.jpg,1,Papaya
Papaya (carica papaya)/1009.jpg,1,Papaya
Papaya (carica papaya)/101.jpg,1,Papaya
Papaya (carica papaya)/1010.jpg,1,Papaya
Papaya (carica papaya)/1011.jpg,1,Papaya
Papaya (carica papaya)/1012.jpg,1,Papaya
Papaya (carica papaya)/1013.jpg,1,Papaya
Papaya (carica papaya)/1014.jpg,1,Papaya
Papaya (carica papaya)/1015.jpg,1,Papaya
Papaya (carica papaya)/1016.jpg,1,Papaya
Papaya (carica papaya)/1017.jpg,1,Papaya
Papaya (carica papaya)/1018.jpg,1,Papaya
Papaya (carica papaya)/1019.jpg,1,Papaya
Papaya (carica papaya)/102.jpg,1,Papaya
Papaya (carica papaya)/1020.jpg,1,Papaya
Papaya (carica papaya)/1021.jpg,1,Papaya
Papaya (carica papaya)/1022.jpg,1,Papaya
Papaya (carica papaya)/1023.jpg,1,Papaya
Papaya (carica papaya)/1024.jpg,1,Papaya
Papaya (carica papaya)/1025.jpg,1,Papaya
Papaya (carica papaya)/1026.jpg,1,Papaya
Papaya (carica papaya)/1027.jpg,1,Papaya
Papaya (carica papaya)/1028.jpg,1,Papaya
Papaya (carica papaya)/1029.jpg,1,Papaya
Papaya (carica papaya)/103.jpg,1,Papaya
Papaya (carica papaya)/1030.jpg,1,Papaya
Papaya (carica papaya)/1031.jpg,1,Papaya
Papaya (carica papaya)/1032.jpg,1,Papaya
Papaya (carica papaya)/1033.jpg,1,Papaya
Papaya (carica papaya)/1034.jpg,1,Papaya
Papaya (carica papaya)/1035.jpg,1,Papaya
Papaya (carica papaya)/1036.jpg,1,Papaya
Papaya (carica papaya)/1037.jpg,1,Papaya
Papaya (carica papaya)/1038.jpg,1,Papaya
Papaya (carica papaya)/1039.jpg,1,Papaya
Papaya (carica papaya)/104.jpg,1,Papaya
Papaya (carica papaya)/1040.jpg,1,Papaya
Papaya (carica papaya)/1041.jpg,1,Papaya
Papaya (carica papaya)/1042.jpg,1,Papaya
Papaya (carica papaya)/1043.jpg,1,Papaya
Papaya (carica papaya)/1044.jpg,1,Papaya
Papaya (carica papaya)/1045.jpg,1,Papaya
Papaya (carica papaya)/1046.jpg,1,Papaya
Papaya (carica papaya)/1047.jpg,1,Papaya
Papaya (carica papaya)/1048.jpg,1,Papaya
Papaya (carica papaya)/1049.jpg,1,Papaya
Papaya (carica papaya)/105.jpg,1,Papaya
Papaya (carica papaya)/1050.jpg,1,Papaya
Papaya (carica papaya)/1051.jpg,1,Papaya
Papaya (carica papaya)/1052.jpg,1,Papaya
Papaya (carica papaya)/1053.jpg,1,Papaya
Papaya (carica papaya)/1054.jpg,1,Papaya
Papaya (carica papaya)/1055.jpg,1,Papaya
Papaya (carica papaya)/1056.jpg,1,Papaya
Papaya (carica papaya)/1057.jpg,1,Papaya
Papaya (carica papaya)/1058.jpg,1,Papaya
Papaya (carica papaya)/1059.jpg,1,Papaya
Papaya (carica papaya)/106.jpg,1,Papaya
Papaya (carica papaya)/1060.jpg,1,Papaya
Papaya (carica papaya)/1061.jpg,1,Papaya
Papaya (carica papaya)/1062.jpg,1,Papaya
Papaya (carica papaya)/1063.jpg,1,Papaya
Papaya (carica papaya)/1064.jpg,1,Papaya
Papaya (carica papaya)/1065.jpg,1,Papaya
Papaya (carica papaya)/1066.jpg,1,Papaya
Papaya (carica papaya)/1067.jpg,1,Papaya
Papaya (carica papaya)/1068.jpg,1,Papaya
Papaya (carica papaya)/1069.jpg,1,Papaya
Papaya (carica papaya)/107.jpg,1,Papaya
Papaya (carica papaya)/1070.jpg,1,Papaya
Papaya (carica papaya)/1071.jpg,1,Papaya
Papaya (carica papaya)/1072.jpg,1,Papaya
Papaya (carica papaya)/1073.jpg,1,Papaya
Papaya (carica papaya)/1074.jpg,1,Papaya
Papaya (carica papaya)/1075.jpg,1,Papaya
Papaya (carica papaya)/1076.jpg,1,Papaya
Papaya (carica papaya)/1077.jpg,1,Papaya
Papaya (carica papaya)/1078.jpg,1,Papaya
Papaya (carica papaya)/1079.jpg,1,Papaya
Papaya (carica papaya)/108.jpg,1,Papaya
Papaya (carica papaya)/1080.jpg,1,Papaya
Papaya (carica papaya)/1081.jpg,1,Papaya
Papaya (carica papaya)/1082.jpg,1,Papaya
Papaya (carica papaya)/1083.jpg,1,Papaya
Papaya (carica papaya)/1084.jpg,1,Papaya
Papaya (carica papaya)/1085.jpg,1,Papaya
Papaya (carica papaya)/1086.jpg,1,Papaya
Papaya (carica papaya)/1087.jpg,1,Papaya
Papaya (carica papaya)/1088.jpg,1,Papaya
Papaya (carica papaya)/1089.jpg,1,Papaya
Papaya (carica papaya)/109.jpg,1,Papaya
Papaya (carica papaya)/1090.jpg,1,Papaya
Papaya (carica papaya)/1091.jpg,1,Papaya
Papaya (carica papaya)/1092.jpg,1,Papaya
Papaya (carica papaya)/1093.jpg,1,Papaya
Papaya (carica papaya)/1094.jpg,1,Papaya
Papaya (carica papaya)/1095.jpg,1,Papaya
Papaya (carica papaya)/1096.jpg,1,Papaya
Papaya (carica papaya)/1097.jpg,1,Papaya
Papaya (carica papaya)/1098.jpg,1,Papaya
Papaya (carica papaya)/1099.jpg,1,Papaya
Papaya (carica papaya)/11.jpg,1,Papaya
Papaya (carica papaya)/110.jpg,1,Papaya
Papaya (carica papaya)/1100.jpg,1,Papaya
Papaya (carica papaya)/1101.jpg,1,Papaya
Papaya (carica papaya)/1102.jpg,1,Papaya
Papaya (carica papaya)/1103.jpg,1,Papaya
Papaya (carica papaya)/1104.jpg,1,Papaya
Papaya (carica papaya)/1105.jpg,1,Papaya
Papaya (carica papaya)/1106.jpg,1,Papaya
Papaya (carica papaya)/1107.jpg,1,Papaya
Papaya (carica papaya)/1108.jpg,1,Papaya
Papaya (carica papaya)/1109.jpg,1,Papaya
Papaya (carica papaya)/111.jpg,1,Papaya
Papaya (carica papaya)/1110.jpg,1,Papaya
Papaya (carica papaya)/1111.jpg,1,Papaya
Papaya (carica papaya)/1112.jpg,1,Papaya
Papaya (carica papaya)/1113.jpg,1,Papaya
Papaya (carica papaya)/1114.jpg,1,Papaya
Papaya (carica papaya)/1115.jpg,1,Papaya
Papaya (carica papaya)/1116.jpg,1,Papaya
Papaya (carica papaya)/1117.jpg,1,Papaya
Papaya (carica papaya)/1118.jpg,1,Papaya
Papaya (carica papaya)/1119.jpg,1,Papaya
Papaya (carica papaya)/112.jpg,1,Papaya
Papaya (carica papaya)/1120.jpg,1,Papaya
Papaya (carica papaya)/1121.jpg,1,Papaya
Papaya (carica papaya)/1122.jpg,1,Papaya
Papaya (carica papaya)/1123.jpg,1,Papaya
Papaya (carica papaya)/1124.jpg,1,Papaya
Papaya (carica papaya)/1125.jpg,1,Papaya
Papaya (carica papaya)/1126.jpg,1,Papaya
Papaya (carica papaya)/1127.jpg,1,Papaya
Papaya (carica papaya)/1128.jpg,1,Papaya
Papaya (carica papaya)/1129.jpg,1,Papaya
Papaya (carica papaya)/113.jpg,1,Papaya
Papaya (carica papaya)/1130.jpg,1,Papaya
Papaya (carica papaya)/1131.jpg,1,Papaya
Papaya (carica papaya)/1132.jpg,1,Papaya
Papaya (carica papaya)/1133.jpg,1,Papaya
Papaya (carica papaya)/1134.jpg,1,Papaya
Papaya (carica papaya)/1135.jpg,1,Papaya
Papaya (carica papaya)/1136.jpg,1,Papaya
Papaya (carica papaya)/1137.jpg,1,Papaya
Papaya (carica papaya)/1138.jpg,1,Papaya
Papaya (carica papaya)/1139.jpg,1,Papaya
Papaya (carica papaya)/114.jpg,1,Papaya
Papaya (carica papaya)/1140.jpg,1,Papaya
Papaya (carica papaya)/1141.jpg,1,Papaya
Papaya (carica papaya)/1142.jpg,1,Papaya
Papaya (carica papaya)/1143.jpg,1,Papaya
Papaya (carica papaya)/1144.jpg,1,Papaya
Papaya (carica papaya)/1145.jpg,1,Papaya
Papaya (carica papaya)/1146.jpg,1,Papaya
Papaya (carica papaya)/1147.jpg,1,Papaya
Papaya (carica papaya)/1148.jpg,1,Papaya
Papaya (carica papaya)/1149.jpg,1,Papaya
Papaya (carica papaya)/115.jpg,1,Papaya
Papaya (carica papaya)/1150.jpg,1,Papaya
Papaya (carica papaya)/1151.jpg,1,Papaya
Papaya (carica papaya)/1152.jpg,1,Papaya
Papaya (carica papaya)/1153.jpg,1,Papaya
Papaya (carica papaya)/1154.jpg,1,Papaya
Papaya (carica papaya)/1155.jpg,1,Papaya
Papaya (carica papaya)/1156.jpg,1,Papaya
Papaya (carica papaya)/1157.jpg,1,Papaya
Papaya (carica papaya)/1158.jpg,1,Papaya
Papaya (carica papaya)/1159.jpg,1,Papaya
Papaya (carica papaya)/116.jpg,1,Papaya
Papaya (carica papaya)/1160.jpg,1,Papaya
Papaya (carica papaya)/1161.jpg,1,Papaya
Papaya (carica papaya)/1162.jpg,1,Papaya
Papaya (carica papaya)/1163.jpg,1,Papaya
Papaya (carica papaya)/1164.jpg,1,Papaya
Papaya (carica papaya)/1165.jpg,1,Papaya
Papaya (carica papaya)/1166.jpg,1,Papaya
Papaya (carica papaya)/1167.jpg,1,Papaya
Papaya (carica papaya)/1168.jpg,1,Papaya
Papaya (carica papaya)/1169.jpg,1,Papaya
Papaya (carica papaya)/117.jpg,1,Papaya
Papaya (carica papaya)/1170.jpg,1,Papaya
Papaya (carica papaya)/1171.jpg,1,Papaya
Papaya (carica papaya)/1172.jpg,1,Papaya
Papaya (carica papaya)/1173.jpg,1,Papaya
Papaya (carica papaya)/1174.jpg,1,Papaya
Papaya (carica papaya)/1175.jpg,1,Papaya
Papaya (carica papaya)/1176.jpg,1,Papaya
Papaya (carica papaya)/1177.jpg,1,Papaya
Papaya (carica papaya)/1178.jpg,1,Papaya
Papaya (carica papaya)/1179.jpg,1,Papaya
Papaya (carica papaya)/118.jpg,1,Papaya
Papaya (carica papaya)/1180.jpg,1,Papaya
Papaya (carica papaya)/1181.jpg,1,Papaya
Papaya (carica papaya)/1182.jpg,1,Papaya
Papaya (carica papaya)/1183.jpg,1,Papaya
Papaya (carica papaya)/1184.jpg,1,Papaya
Papaya (carica papaya)/1185.jpg,1,Papaya
Papaya (carica papaya)/1186.jpg,1,Papaya
Papaya (carica papaya)/1187.jpg,1,Papaya
Papaya (carica papaya)/1188.jpg,1,Papaya
Papaya (carica papaya)/1189.jpg,1,Papaya
Papaya (carica papaya)/119.jpg,1,Papaya
Papaya (carica papaya)/1190.jpg,1,Papaya
Papaya (carica papaya)/1191.jpg,1,Papaya
Papaya (carica papaya)/1192.jpg,1,Papaya
Papaya (carica papaya)/1193.jpg,1,Papaya
Papaya (carica papaya)/1194.jpg,1,Papaya
Papaya (carica papaya)/1195.jpg,1,Papaya
Papaya (carica papaya)/1196.jpg,1,Papaya
Papaya (carica papaya)/1197.jpg,1,Papaya
Papaya (carica papaya)/1198.jpg,1,Papaya
Papaya (carica papaya)/1199.jpg,1,Papaya
Papaya (carica papaya)/12.jpg,1,Papaya
Papaya (carica papaya)/120.jpg,1,Papaya
Papaya (carica papaya)/1200.jpg,1,Papaya
Papaya (carica papaya)/1201.jpg,1,Papaya
Papaya (carica papaya)/1202.jpg,1,Papaya
Papaya (carica papaya)/1203.jpg,1,Papaya
Papaya (carica papaya)/1204.jpg,1,Papaya
Papaya (carica papaya)/1205.jpg,1,Papaya
Papaya (carica papaya)/1206.jpg,1,Papaya
Papaya (carica papaya)/1207.jpg,1,Papaya
Papaya (carica papaya)/1208.jpg,1,Papaya
Papaya (carica papaya)/1209.jpg,1,Papaya
Papaya (carica papaya)/121.jpg,1,Papaya
Papaya (carica papaya)/1210.jpg,1,Papaya
Papaya (carica papaya)/1211.jpg,1,Papaya
Papaya (carica papaya)/1212.jpg,1,Papaya
Papaya (carica papaya)/1213.jpg,1,Papaya
Papaya (carica papaya)/1214.jpg,1,Papaya
Papaya (carica papaya)/1215.jpg,1,Papaya
Papaya (carica papaya)/1216.jpg,1,Papaya
Papaya (carica papaya)/1217.jpg,1,Papaya
Papaya (carica papaya)/1218.jpg,1,Papaya
Papaya (carica papaya)/1219.jpg,1,Papaya
Papaya (carica papaya)/122.jpg,1,Papaya
Papaya (carica papaya)/1220.jpg,1,Papaya
Papaya (carica papaya)/1221.jpg,1,Papaya
Papaya (carica papaya)/1222.jpg,1,Papaya
Papaya (carica papaya)/1223.jpg,1,Papaya
Papaya (carica papaya)/1224.jpg,1,Papaya
Papaya (carica papaya)/1225.jpg,1,Papaya
Papaya (carica papaya)/1226.jpg,1,Papaya
Papaya (carica papaya)/1227.jpg,1,Papaya
Papaya (carica papaya)/1228.jpg,1,Papaya
Papaya (carica papaya)/1229.jpg,1,Papaya
Papaya (carica papaya)/123.jpg,1,Papaya
Papaya (carica papaya)/1230.jpg,1,Papaya
Papaya (carica papaya)/1231.jpg,1,Papaya
Papaya (carica papaya)/1232.jpg,1,Papaya
Papaya (carica papaya)/1233.jpg,1,Papaya
Papaya (carica papaya)/1234.jpg,1,Papaya
Papaya (carica papaya)/1235.jpg,1,Papaya
Papaya (carica papaya)/1236.jpg,1,Papaya
Papaya (carica papaya)/1237.jpg,1,Papaya
Papaya (carica papaya)/1238.jpg,1,Papaya
Papaya (carica papaya)/1239.jpg,1,Papaya
Papaya (carica papaya)/124.jpg,1,Papaya
Papaya (carica papaya)/1240.jpg,1,Papaya
Papaya (carica papaya)/1241.jpg,1,Papaya
Papaya (carica papaya)/1242.jpg,1,Papaya
Papaya (carica papaya)/1243.jpg,1,Papaya
Papaya (carica papaya)/1244.jpg,1,Papaya
Papaya (carica papaya)/1245.jpg,1,Papaya
Papaya (carica papaya)/1246.jpg,1,Papaya
Papaya (carica papaya)/1247.jpg,1,Papaya
Papaya (carica papaya)/1248.jpg,1,Papaya
Papaya (carica papaya)/1249.jpg,1,Papaya
Papaya (carica papaya)/125.jpg,1,Papaya
Papaya (carica papaya)/1250.jpg,1,Papaya
Papaya (carica papaya)/1251.jpg,1,Papaya
Papaya (carica papaya)/1252.jpg,1,Papaya
Papaya (carica papaya)/1253.jpg,1,Papaya
Papaya (carica papaya)/1254.jpg,1,Papaya
Papaya (carica papaya)/1255.jpg,1,Papaya
Papaya (carica papaya)/1256.jpg,1,Papaya
Papaya (carica papaya)/1257.jpg,1,Papaya
Papaya (carica papaya)/1258.jpg,1,Papaya
Papaya (carica papaya)/1259.jpg,1,Papaya
Papaya (carica papaya)/126.jpg,1,Papaya
Papaya (carica papaya)/1260.jpg,1,Papaya
Papaya (carica papaya)/1261.jpg,1,Papaya
Papaya (carica papaya)/1262.jpg,1,Papaya
Papaya (carica papaya)/1263.jpg,1,Papaya
Papaya (carica papaya)/1264.jpg,1,Papaya
Papaya (carica papaya)/1265.jpg,1,Papaya
Papaya (carica papaya)/1266.jpg,1,Papaya
Papaya (carica papaya)/1267.jpg,1,Papaya
Papaya (carica papaya)/1268.jpg,1,Papaya
Papaya (carica papaya)/1269.jpg,1,Papaya
Papaya (carica papaya)/127.jpg,1,Papaya
Papaya (carica papaya)/1270.jpg,1,Papaya
Papaya (carica papaya)/1271.jpg,1,Papaya
Papaya (carica papaya)/1272.jpg,1,Papaya
Papaya (carica papaya)/1273.jpg,1,Papaya
Papaya (carica papaya)/1274.jpg,1,Papaya
Papaya (carica papaya)/1275.jpg,1,Papaya
Papaya (carica papaya)/1276.jpg,1,Papaya
Papaya (carica papaya)/1277.jpg,1,Papaya
Papaya (carica papaya)/1278.jpg,1,Papaya
Papaya (carica papaya)/1279.jpg,1,Papaya
Papaya (carica papaya)/128.jpg,1,Papaya
Papaya (carica papaya)/1280.jpg,1,Papaya
Papaya (carica papaya)/1281.jpg,1,Papaya
Papaya (carica papaya)/1282.jpg,1,Papaya
Papaya (carica papaya)/1283.jpg,1,Papaya
Papaya (carica papaya)/1284.jpg,1,Papaya
Papaya (carica papaya)/1285.jpg,1,Papaya
Papaya (carica papaya)/1286.jpg,1,Papaya
Papaya (carica papaya)/1287.jpg,1,Papaya
Papaya (carica papaya)/1288.jpg,1,Papaya
Papaya (carica papaya)/1289.jpg,1,Papaya
Papaya (carica papaya)/129.jpg,1,Papaya
Papaya (carica papaya)/1290.jpg,1,Papaya
Papaya (carica papaya)/1291.jpg,1,Papaya
Papaya (carica papaya)/1292.jpg,1,Papaya
Papaya (carica papaya)/1293.jpg,1,Papaya
Papaya (carica papaya)/1294.jpg,1,Papaya
Papaya (carica papaya)/1295.jpg,1,Papaya
Papaya (carica papaya)/1296.jpg,1,Papaya
Papaya (carica papaya)/1297.jpg,1,Papaya
Papaya (carica papaya)/1298.jpg,1,Papaya
Papaya (carica papaya)/1299.jpg,1,Papaya
Papaya (carica papaya)/13.jpg,1,Papaya
Papaya (carica papaya)/130.jpg,1,Papaya
Papaya (carica papaya)/1300.jpg,1,Papaya
Papaya (carica papaya)/1301.jpg,1,Papaya
Papaya (carica papaya)/1302.jpg,1,Papaya
Papaya (carica papaya)/1303.jpg,1,Papaya
Papaya (carica papaya)/1304.jpg,1,Papaya
Papaya (carica papaya)/1305.jpg,1,Papaya
Papaya (carica papaya)/1306.jpg,1,Papaya
Papaya (carica papaya)/1307.jpg,1,Papaya
Papaya (carica papaya)/1308.jpg,1,Papaya
Papaya (carica papaya)/1309.jpg,1,Papaya
Papaya (carica papaya)/131.jpg,1,Papaya
Papaya (carica papaya)/1310.jpg,1,Papaya
Papaya (carica papaya)/1311.jpg,1,Papaya
Papaya (carica papaya)/1312.jpg,1,Papaya
Papaya (carica papaya)/1313.jpg,1,Papaya
Papaya (carica papaya)/1314.jpg,1,Papaya
Papaya (carica papaya)/1315.jpg,1,Papaya
Papaya (carica papaya)/1316.jpg,1,Papaya
Papaya (carica papaya)/1317.jpg,1,Papaya
Papaya (carica papaya)/1318.jpg,1,Papaya
Papaya (carica papaya)/1319.jpg,1,Papaya
Papaya (carica papaya)/132.jpg,1,Papaya
Papaya (carica papaya)/1320.jpg,1,Papaya
Papaya (carica papaya)/1321.jpg,1,Papaya
Papaya (carica papaya)/1322.jpg,1,Papaya
Papaya (carica papaya)/1323.jpg,1,Papaya
Papaya (carica papaya)/1324.jpg,1,Papaya
Papaya (carica papaya)/1325.jpg,1,Papaya
Papaya (carica papaya)/1326.jpg,1,Papaya
Papaya (carica papaya)/1327.jpg,1,Papaya
Papaya (carica papaya)/1328.jpg,1,Papaya
Papaya (carica papaya)/1329.jpg,1,Papaya
Papaya (carica papaya)/133.jpg,1,Papaya
Papaya (carica papaya)/1330.jpg,1,Papaya
Papaya (carica papaya)/1331.jpg,1,Papaya
Papaya (carica papaya)/1332.jpg,1,Papaya
Papaya (carica papaya)/1333.jpg,1,Papaya
Papaya (carica papaya)/1334.jpg,1,Papaya
Papaya (carica papaya)/1335.jpg,1,Papaya
Papaya (carica papaya)/1336.jpg,1,Papaya
Papaya (carica papaya)/1337.jpg,1,Papaya
Papaya (carica papaya)/1338.jpg,1,Papaya
Papaya (carica papaya)/1339.jpg,1,Papaya
Papaya (carica papaya)/134.jpg,1,Papaya
Papaya (carica papaya)/1340.jpg,1,Papaya
Papaya (carica papaya)/1341.jpg,1,Papaya
Papaya (carica papaya)/1342.jpg,1,Papaya
Papaya (carica papaya)/1343.jpg,1,Papaya
Papaya (carica papaya)/1344.jpg,1,Papaya
Papaya (carica papaya)/1345.jpg,1,Papaya
Papaya (carica papaya)/1346.jpg,1,Papaya
Papaya (carica papaya)/1347.jpg,1,Papaya
Papaya (carica papaya)/1348.jpg,1,Papaya
Papaya (carica papaya)/1349.jpg,1,Papaya
Papaya (carica papaya)/135.jpg,1,Papaya
Papaya (carica papaya)/1350.jpg,1,Papaya
Papaya (carica papaya)/1351.jpg,1,Papaya
Papaya (carica papaya)/1352.jpg,1,Papaya
Papaya (carica papaya)/1353.jpg,1,Papaya
Papaya (carica papaya)/1354.jpg,1,Papaya
Papaya (carica papaya)/1355.jpg,1,Papaya
Papaya (carica papaya)/1356.jpg,1,Papaya
Papaya (carica papaya)/1357.jpg,1,Papaya
Papaya (carica papaya)/1358.jpg,1,Papaya
Papaya (carica papaya)/1359.jpg,1,Papaya
Papaya (carica papaya)/136.jpg,1,Papaya
Papaya (carica papaya)/1360.jpg,1,Papaya
Papaya (carica papaya)/1361.jpg,1,Papaya
Papaya (carica papaya)/1362.jpg,1,Papaya
Papaya (carica papaya)/1363.jpg,1,Papaya
Papaya (carica papaya)/1364.jpg,1,Papaya
Papaya (carica papaya)/1365.jpg,1,Papaya
Papaya (carica papaya)/1366.jpg,1,Papaya
Papaya (carica papaya)/1367.jpg,1,Papaya
Papaya (carica papaya)/1368.jpg,1,Papaya
Papaya (carica papaya)/1369.jpg,1,Papaya
Papaya (carica papaya)/137.jpg,1,Papaya
Papaya (carica papaya)/1370.jpg,1,Papaya
Papaya (carica papaya)/1371.jpg,1,Papaya
Papaya (carica papaya)/1372.jpg,1,Papaya
Papaya (carica papaya)/1373.jpg,1,Papaya
Papaya (carica papaya)/1374.jpg,1,Papaya
Papaya (carica papaya)/1375.jpg,1,Papaya
Papaya (carica papaya)/1376.jpg,1,Papaya
Papaya (carica papaya)/1377.jpg,1,Papaya
Papaya (carica papaya)/1378.jpg,1,Papaya
Papaya (carica papaya)/1379.jpg,1,Papaya
Papaya (carica papaya)/138.jpg,1,Papaya
Papaya (carica papaya)/1380.jpg,1,Papaya
Papaya (carica papaya)/1381.jpg,1,Papaya
Papaya (carica papaya)/1382.jpg,1,Papaya
Papaya (carica papaya)/1383.jpg,1,Papaya
Papaya (carica papaya)/1384.jpg,1,Papaya
Papaya (carica papaya)/1385.jpg,1,Papaya
Papaya (carica papaya)/1386.jpg,1,Papaya
Papaya (carica papaya)/1387.jpg,1,Papaya
Papaya (carica papaya)/1388.jpg,1,Papaya
Papaya (carica papaya)/1389.jpg,1,Papaya
Papaya (carica papaya)/139.jpg,1,Papaya
Papaya (carica papaya)/1390.jpg,1,Papaya
Papaya (carica papaya)/1391.jpg,1,Papaya
Papaya (carica papaya)/1392.jpg,1,Papaya
Papaya (carica papaya)/1393.jpg,1,Papaya
Papaya (carica papaya)/1394.jpg,1,Papaya
Papaya (carica papaya)/1395.jpg,1,Papaya
Papaya (carica papaya)/1396.jpg,1,Papaya
Papaya (carica papaya)/1397.jpg,1,Papaya
Papaya (carica papaya)/1398.jpg,1,Papaya
Papaya (carica papaya)/1399.jpg,1,Papaya
Papaya (carica papaya)/14.jpg,1,Papaya
Papaya (carica papaya)/140.jpg,1,Papaya
Papaya (carica papaya)/1400.jpg,1,Papaya
Papaya (carica papaya)/1401.jpg,1,Papaya
Papaya (carica papaya)/1402.jpg,1,Papaya
Papaya (carica papaya)/1403.jpg,1,Papaya
Papaya (carica papaya)/1404.jpg,1,Papaya
Papaya (carica papaya)/1405.jpg,1,Papaya
Papaya (carica papaya)/1406.jpg,1,Papaya
Papaya (carica papaya)/1407.jpg,1,Papaya
Papaya (carica papaya)/1408.jpg,1,Papaya
Papaya (carica papaya)/1409.jpg,1,Papaya
Papaya (carica papaya)/141.jpg,1,Papaya
Papaya (carica papaya)/1410.jpg,1,Papaya
Papaya (carica papaya)/1411.jpg,1,Papaya
Papaya (carica papaya)/1412.jpg,1,Papaya
Papaya (carica papaya)/1413.jpg,1,Papaya
Papaya (carica papaya)/1414.jpg,1,Papaya
Papaya (carica papaya)/1415.jpg,1,Papaya
Papaya (carica papaya)/1416.jpg,1,Papaya
Papaya (carica papaya)/1417.jpg,1,Papaya
Papaya (carica papaya)/1418.jpg,1,Papaya
Papaya (carica papaya)/1419.jpg,1,Papaya
Papaya (carica papaya)/142.jpg,1,Papaya
Papaya (carica papaya)/1420.jpg,1,Papaya
Papaya (carica papaya)/1421.jpg,1,Papaya
Papaya (carica papaya)/1422.jpg,1,Papaya
Papaya (carica papaya)/1423.jpg,1,Papaya
Papaya (carica papaya)/1424.jpg,1,Papaya
Papaya (carica papaya)/1425.jpg,1,Papaya
Papaya (carica papaya)/1426.jpg,1,Papaya
Papaya (carica papaya)/1427.jpg,1,Papaya
Papaya (carica papaya)/1428.jpg,1,Papaya
Papaya (carica papaya)/1429.jpg,1,Papaya
Papaya (carica papaya)/143.jpg,1,Papaya
Papaya (carica papaya)/1430.jpg,1,Papaya
Papaya (carica papaya)/1431.jpg,1,Papaya
Papaya (carica papaya)/1432.jpg,1,Papaya
Papaya (carica papaya)/1433.jpg,1,Papaya
Papaya (carica papaya)/1434.jpg,1,Papaya
Papaya (carica papaya)/1435.jpg,1,Papaya
Papaya (carica papaya)/1436.jpg,1,Papaya
Papaya (carica papaya)/1437.jpg,1,Papaya
Papaya (carica papaya)/1438.jpg,1,Papaya
Papaya (carica papaya)/1439.jpg,1,Papaya
Papaya (carica papaya)/144.jpg,1,Papaya
Papaya (carica papaya)/1440.jpg,1,Papaya
Papaya (carica papaya)/1441.jpg,1,Papaya
Papaya (carica papaya)/1442.jpg,1,Papaya
Papaya (carica papaya)/1443.jpg,1,Papaya
Papaya (carica papaya)/1444.jpg,1,Papaya
Papaya (carica papaya)/1445.jpg,1,Papaya
Papaya (carica papaya)/1446.jpg,1,Papaya
Papaya (carica papaya)/1447.jpg,1,Papaya
Papaya (carica papaya)/1448.jpg,1,Papaya
Papaya (carica papaya)/1449.jpg,1,Papaya
Papaya (carica papaya)/145.jpg,1,Papaya
Papaya (carica papaya)/1450.jpg,1,Papaya
Papaya (carica papaya)/1451.jpg,1,Papaya
Papaya (carica papaya)/1452.jpg,1,Papaya
Papaya (carica papaya)/1453.jpg,1,Papaya
Papaya (carica papaya)/1454.jpg,1,Papaya
Papaya (carica papaya)/1455.jpg,1,Papaya
Papaya (carica papaya)/1456.jpg,1,Papaya
Papaya (carica papaya)/1457.jpg,1,Papaya
Papaya (carica papaya)/1458.jpg,1,Papaya
Papaya (carica papaya)/1459.jpg,1,Papaya
Papaya (carica papaya)/146.jpg,1,Papaya
Papaya (carica papaya)/1460.jpg,1,Papaya
Papaya (carica papaya)/1461.jpg,1,Papaya
Papaya (carica papaya)/1462.jpg,1,Papaya
Papaya (carica papaya)/1463.jpg,1,Papaya
Papaya (carica papaya)/1464.jpg,1,Papaya
Papaya (carica papaya)/1465.jpg,1,Papaya
Papaya (carica papaya)/1466.jpg,1,Papaya
Papaya (carica papaya)/1467.jpg,1,Papaya
Papaya (carica papaya)/1468.jpg,1,Papaya
Papaya (carica papaya)/1469.jpg,1,Papaya
Papaya (carica papaya)/147.jpg,1,Papaya
Papaya (carica papaya)/1470.jpg,1,Papaya
Papaya (carica papaya)/1471.jpg,1,Papaya
Papaya (carica papaya)/1472.jpg,1,Papaya
Papaya (carica papaya)/1473.jpg,1,Papaya
Papaya (carica papaya)/1474.jpg,1,Papaya
Papaya (carica papaya)/1475.jpg,1,Papaya
Papaya (carica papaya)/1476.jpg,1,Papaya
Papaya (carica papaya)/1477.jpg,1,Papaya
Papaya (carica papaya)/1478.jpg,1,Papaya
Papaya (carica papaya)/1479.jpg,1,Papaya
Papaya (carica papaya)/148.jpg,1,Papaya
Papaya (carica papaya)/1480.jpg,1,Papaya
Papaya (carica papaya)/1481.jpg,1,Papaya
Papaya (carica papaya)/1482.jpg,1,Papaya
Papaya (carica papaya)/1483.jpg,1,Papaya
Papaya (carica papaya)/1484.jpg,1,Papaya
Papaya (carica papaya)/1485.jpg,1,Papaya
Papaya (carica papaya)/1486.jpg,1,Papaya
Papaya (carica papaya)/1487.jpg,1,Papaya
Papaya (carica papaya)/1488.jpg,1,Papaya
Papaya (carica papaya)/1489.jpg,1,Papaya
Papaya (carica papaya)/149.jpg,1,Papaya
Papaya (carica papaya)/1490.jpg,1,Papaya
Papaya (carica papaya)/1491.jpg,1,Papaya
Papaya (carica papaya)/1492.jpg,1,Papaya
Papaya (carica papaya)/1493.jpg,1,Papaya
Papaya (carica papaya)/1494.jpg,1,Papaya
Papaya (carica papaya)/1495.jpg,1,Papaya
Papaya (carica papaya)/1496.jpg,1,Papaya
Papaya (carica papaya)/1497.jpg,1,Papaya
Papaya (carica papaya)/1498.jpg,1,Papaya
Papaya (carica papaya)/1499.jpg,1,Papaya
Papaya (carica papaya)/15.jpg,1,Papaya
Papaya (carica papaya)/150.jpg,1,Papaya
Papaya (carica papaya)/1500.jpg,1,Papaya
Papaya (carica papaya)/1501.jpg,1,Papaya
Papaya (carica papaya)/1502.jpg,1,Papaya
Papaya (carica papaya)/1503.jpg,1,Papaya
Papaya (carica papaya)/1504.jpg,1,Papaya
Papaya (carica papaya)/1505.jpg,1,Papaya
Papaya (carica papaya)/1506.jpg,1,Papaya
Papaya (carica papaya)/1507.jpg,1,Papaya
Papaya (carica papaya)/1508.jpg,1,Papaya
Papaya (carica papaya)/1509.jpg,1,Papaya
Papaya (carica papaya)/151.jpg,1,Papaya
Papaya (carica papaya)/1510.jpg,1,Papaya
Papaya (carica papaya)/1511.jpg,1,Papaya
Papaya (carica papaya)/1512.jpg,1,Papaya
Papaya (carica papaya)/1513.jpg,1,Papaya
Papaya (carica papaya)/1514.jpg,1,Papaya
Papaya (carica papaya)/1515.jpg,1,Papaya
Papaya (carica papaya)/1516.jpg,1,Papaya
Papaya (carica papaya)/1517.jpg,1,Papaya
Papaya (carica papaya)/1518.jpg,1,Papaya
Papaya (carica papaya)/1519.jpg,1,Papaya
Papaya (carica papaya)/152.jpg,1,Papaya
Papaya (carica papaya)/1520.jpg,1,Papaya
Papaya (carica papaya)/1521.jpg,1,Papaya
Papaya (carica papaya)/1522.jpg,1,Papaya
Papaya (carica papaya)/1523.jpg,1,Papaya
Papaya (carica papaya)/1524.jpg,1,Papaya
Papaya (carica papaya)/1525.jpg,1,Papaya
Papaya (carica papaya)/1526.jpg,1,Papaya
Papaya (carica papaya)/1527.jpg,1,Papaya
Papaya (carica papaya)/1528.jpg,1,Papaya
Papaya (carica papaya)/1529.jpg,1,Papaya
Papaya (carica papaya)/153.jpg,1,Papaya
Papaya (carica papaya)/1530.jpg,1,Papaya
Papaya (carica papaya)/1531.jpg,1,Papaya
Papaya (carica papaya)/1532.jpg,1,Papaya
Papaya (carica papaya)/1533.jpg,1,Papaya
Papaya (carica papaya)/1534.jpg,1,Papaya
Papaya (carica papaya)/1535.jpg,1,Papaya
Papaya (carica papaya)/1536.jpg,1,Papaya
Papaya (carica papaya)/1537.jpg,1,Papaya
Papaya (carica papaya)/1538.jpg,1,Papaya
Papaya (carica papaya)/1539.jpg,1,Papaya
Papaya (carica papaya)/154.jpg,1,Papaya
Papaya (carica papaya)/1540.jpg,1,Papaya
Papaya (carica papaya)/1541.jpg,1,Papaya
Papaya (carica papaya)/1542.jpg,1,Papaya
Papaya (carica papaya)/1543.jpg,1,Papaya
Papaya (carica papaya)/1544.jpg,1,Papaya
Papaya (carica papaya)/1545.jpg,1,Papaya
Papaya (carica papaya)/1546.jpg,1,Papaya
Papaya (carica papaya)/1547.jpg,1,Papaya
Papaya (carica papaya)/1548.jpg,1,Papaya
Papaya (carica papaya)/1549.jpg,1,Papaya
Papaya (carica papaya)/155.jpg,1,Papaya
Papaya (carica papaya)/1550.jpg,1,Papaya
Papaya (carica papaya)/1551.jpg,1,Papaya
Papaya (carica papaya)/1552.jpg,1,Papaya
Papaya (carica papaya)/1553.jpg,1,Papaya
Papaya (carica papaya)/1554.jpg,1,Papaya
Papaya (carica papaya)/1555.jpg,1,Papaya
Papaya (carica papaya)/1556.jpg,1,Papaya
Papaya (carica papaya)/1557.jpg,1,Papaya
Papaya (carica papaya)/1558.jpg,1,Papaya
Papaya (carica papaya)/1559.jpg,1,Papaya
Papaya (carica papaya)/156.jpg,1,Papaya
Papaya (carica papaya)/1560.jpg,1,Papaya
Papaya (carica papaya)/1561.jpg,1,Papaya
Papaya (carica papaya)/1562.jpg,1,Papaya
Papaya (carica papaya)/1563.jpg,1,Papaya
Papaya (carica papaya)/1564.jpg,1,Papaya
Papaya (carica papaya)/1565.jpg,1,Papaya
Papaya (carica papaya)/1566.jpg,1,Papaya
Papaya (carica papaya)/1567.jpg,1,Papaya
Papaya (carica papaya)/1568.jpg,1,Papaya
Papaya (carica papaya)/1569.jpg,1,Papaya
Papaya (carica papaya)/157.jpg,1,Papaya
Papaya (carica papaya)/1570.jpg,1,Papaya
Papaya (carica papaya)/1571.jpg,1,Papaya
Papaya (carica papaya)/1572.jpg,1,Papaya
Papaya (carica papaya)/1573.jpg,1,Papaya
Papaya (carica papaya)/1574.jpg,1,Papaya
Papaya (carica papaya)/1575.jpg,1,Papaya
Papaya (carica papaya)/1576.jpg,1,Papaya
Papaya (carica papaya)/1577.jpg,1,Papaya
Papaya (carica papaya)/1578.jpg,1,Papaya
Papaya (carica papaya)/1579.jpg,1,Papaya
Papaya (carica papaya)/158.jpg,1,Papaya
Papaya (carica papaya)/1580.jpg,1,Papaya
Papaya (carica papaya)/1581.jpg,1,Papaya
Papaya (carica papaya)/1582.jpg,1,Papaya
Papaya (carica papaya)/1583.jpg,1,Papaya
Papaya (carica papaya)/1584.jpg,1,Papaya
Papaya (carica papaya)/1585.jpg,1,Papaya
Papaya (carica papaya)/1586.jpg,1,Papaya
Papaya (carica papaya)/1587.jpg,1,Papaya
Papaya (carica papaya)/1588.jpg,1,Papaya
Papaya (carica papaya)/1589.jpg,1,Papaya
Papaya (carica papaya)/159.jpg,1,Papaya
Papaya (carica papaya)/1590.jpg,1,Papaya
Papaya (carica papaya)/1591.jpg,1,Papaya
Papaya (carica papaya)/1592.jpg,1,Papaya
Papaya (carica papaya)/1593.jpg,1,Papaya
Papaya (carica papaya)/1594.jpg,1,Papaya
Papaya (carica papaya)/1595.jpg,1,Papaya
Papaya (carica papaya)/1596.jpg,1,Papaya
Papaya (carica papaya)/1597.jpg,1,Papaya
Papaya (carica papaya)/1598.jpg,1,Papaya
Papaya (carica papaya)/1599.jpg,1,Papaya
Papaya (carica papaya)/16.jpg,1,Papaya
Papaya (carica papaya)/160.jpg,1,Papaya
Papaya (carica papaya)/1600.jpg,1,Papaya
Papaya (carica papaya)/1601.jpg,1,Papaya
Papaya (carica papaya)/1602.jpg,1,Papaya
Papaya (carica papaya)/1603.jpg,1,Papaya
Papaya (carica papaya)/1604.jpg,1,Papaya
Papaya (carica papaya)/1605.jpg,1,Papaya
Papaya (carica papaya)/1606.jpg,1,Papaya
Papaya (carica papaya)/1607.jpg,1,Papaya
Papaya (carica papaya)/1608.jpg,1,Papaya
Papaya (carica papaya)/1609.jpg,1,Papaya
Papaya (carica papaya)/161.jpg,1,Papaya
Papaya (carica papaya)/1610.jpg,1,Papaya
Papaya (carica papaya)/1611.jpg,1,Papaya
Papaya (carica papaya)/1612.jpg,1,Papaya
Papaya (carica papaya)/1613.jpg,1,Papaya
Papaya (carica papaya)/1614.jpg,1,Papaya
Papaya (carica papaya)/1615.jpg,1,Papaya
Papaya (carica papaya)/1616.jpg,1,Papaya
Papaya (carica papaya)/1617.jpg,1,Papaya
Papaya (carica papaya)/1618.jpg,1,Papaya
Papaya (carica papaya)/1619.jpg,1,Papaya
Papaya (carica papaya)/162.jpg,1,Papaya
Papaya (carica papaya)/1620.jpg,1,Papaya
Papaya (carica papaya)/1621.jpg,1,Papaya
Papaya (carica papaya)/1622.jpg,1,Papaya
Papaya (carica papaya)/1623.jpg,1,Papaya
Papaya (carica papaya)/1624.jpg,1,Papaya
Papaya (carica papaya)/1625.jpg,1,Papaya
Papaya (carica papaya)/1626.jpg,1,Papaya
Papaya (carica papaya)/1627.jpg,1,Papaya
Papaya (carica papaya)/1628.jpg,1,Papaya
Papaya (carica papaya)/1629.jpg,1,Papaya
Papaya (carica papaya)/163.jpg,1,Papaya
Papaya (carica papaya)/1630.jpg,1,Papaya
Papaya (carica papaya)/1631.jpg,1,Papaya
Papaya (carica papaya)/1632.jpg,1,Papaya
Papaya (carica papaya)/1633.jpg,1,Papaya
Papaya (carica papaya)/1634.jpg,1,Papaya
Papaya (carica papaya)/1635.jpg,1,Papaya
Papaya (carica papaya)/1636.jpg,1,Papaya
Papaya (carica papaya)/1637.jpg,1,Papaya
Papaya (carica papaya)/1638.jpg,1,Papaya
Papaya (carica papaya)/1639.jpg,1,Papaya
Papaya (carica papaya)/164.jpg,1,Papaya
Papaya (carica papaya)/1640.jpg,1,Papaya
Papaya (carica papaya)/1641.jpg,1,Papaya
Papaya (carica papaya)/1642.jpg,1,Papaya
Papaya (carica papaya)/1643.jpg,1,Papaya
Papaya (carica papaya)/1644.jpg,1,Papaya
Papaya (carica papaya)/1645.jpg,1,Papaya
Papaya (carica papaya)/1646.jpg,1,Papaya
Papaya (carica papaya)/1647.jpg,1,Papaya
Papaya (carica papaya)/1648.jpg,1,Papaya
Papaya (carica papaya)/1649.jpg,1,Papaya
Papaya (carica papaya)/165.jpg,1,Papaya
Papaya (carica papaya)/1650.jpg,1,Papaya
Papaya (carica papaya)/1651.jpg,1,Papaya
Papaya (carica papaya)/1652.jpg,1,Papaya
Papaya (carica papaya)/1653.jpg,1,Papaya
Papaya (carica papaya)/1654.jpg,1,Papaya
Papaya (carica papaya)/1655.jpg,1,Papaya
Papaya (carica papaya)/1656.jpg,1,Papaya
Papaya (carica papaya)/1657.jpg,1,Papaya
Papaya (carica papaya)/1658.jpg,1,Papaya
Papaya (carica papaya)/1659.jpg,1,Papaya
Papaya (carica papaya)/166.jpg,1,Papaya
Papaya (carica papaya)/1660.jpg,1,Papaya
Papaya (carica papaya)/1661.jpg,1,Papaya
Papaya (carica papaya)/1662.jpg,1,Papaya
Papaya (carica papaya)/1663.jpg,1,Papaya
Papaya (carica papaya)/1664.jpg,1,Papaya
Papaya (carica papaya)/1665.jpg,1,Papaya
Papaya (carica papaya)/1666.jpg,1,Papaya
Papaya (carica papaya)/1667.jpg,1,Papaya
Papaya (carica papaya)/1668.jpg,1,Papaya
Papaya (carica papaya)/1669.jpg,1,Papaya
Papaya (carica papaya)/167.jpg,1,Papaya
Papaya (carica papaya)/1670.jpg,1,Papaya
Papaya (carica papaya)/1671.jpg,1,Papaya
Papaya (carica papaya)/1672.jpg,1,Papaya
Papaya (carica papaya)/1673.jpg,1,Papaya
Papaya (carica papaya)/1674.jpg,1,Papaya
Papaya (carica papaya)/1675.jpg,1,Papaya
Papaya (carica papaya)/1676.jpg,1,Papaya
Papaya (carica papaya)/1677.jpg,1,Papaya
Papaya (carica papaya)/1678.jpg,1,Papaya
Papaya (carica papaya)/1679.jpg,1,Papaya
Papaya (carica papaya)/168.jpg,1,Papaya
Papaya (carica papaya)/1680.jpg,1,Papaya
Papaya (carica papaya)/1681.jpg,1,Papaya
Papaya (carica papaya)/1682.jpg,1,Papaya
Papaya (carica papaya)/1683.jpg,1,Papaya
Papaya (carica papaya)/1684.jpg,1,Papaya
Papaya (carica papaya)/1685.jpg,1,Papaya
Papaya (carica papaya)/1686.jpg,1,Papaya
Papaya (carica papaya)/1687.jpg,1,Papaya
Papaya (carica papaya)/1688.jpg,1,Papaya
Papaya (carica papaya)/1689.jpg,1,Papaya
Papaya (carica papaya)/169.jpg,1,Papaya
Papaya (carica papaya)/1690.jpg,1,Papaya
Papaya (carica papaya)/1691.jpg,1,Papaya
Papaya (carica papaya)/1692.jpg,1,Papaya
Papaya (carica papaya)/1693.jpg,1,Papaya
Papaya (carica papaya)/1694.jpg,1,Papaya
Papaya (carica papaya)/1695.jpg,1,Papaya
Papaya (carica papaya)/1696.jpg,1,Papaya
Papaya (carica papaya)/1697.jpg,1,Papaya
Papaya (carica papaya)/1698.jpg,1,Papaya
Papaya (carica papaya)/1699.jpg,1,Papaya
Papaya (carica papaya)/17.jpg,1,Papaya
Papaya (carica papaya)/170.jpg,1,Papaya
Papaya (carica papaya)/1700.jpg,1,Papaya
Papaya (carica papaya)/1701.jpg,1,Papaya
Papaya (carica papaya)/1702.jpg,1,Papaya
Papaya (carica papaya)/1703.jpg,1,Papaya
Papaya (carica papaya)/1704.jpg,1,Papaya
Papaya (carica papaya)/1705.jpg,1,Papaya
Papaya (carica papaya)/1706.jpg,1,Papaya
Papaya (carica papaya)/1707.jpg,1,Papaya
Papaya (carica papaya)/1708.jpg,1,Papaya
Papaya (carica papaya)/1709.jpg,1,Papaya
Papaya (carica papaya)/171.jpg,1,Papaya
Papaya (carica papaya)/1710.jpg,1,Papaya
Papaya (carica papaya)/1711.jpg,1,Papaya
Papaya (carica papaya)/1712.jpg,1,Papaya
Papaya (carica papaya)/1713.jpg,1,Papaya
Papaya (carica papaya)/1714.jpg,1,Papaya
Papaya (carica papaya)/1715.jpg,1,Papaya
Papaya (carica papaya)/1716.jpg,1,Papaya
Papaya (carica papaya)/1717.jpg,1,Papaya
Papaya (carica papaya)/1718.jpg,1,Papaya
Papaya (carica papaya)/1719.jpg,1,Papaya
Papaya (carica papaya)/172.jpg,1,Papaya
Papaya (carica papaya)/1720.jpg,1,Papaya
Papaya (carica papaya)/1721.jpg,1,Papaya
Papaya (carica papaya)/1722.jpg,1,Papaya
Papaya (carica papaya)/1723.jpg,1,Papaya
Papaya (carica papaya)/1724.jpg,1,Papaya
Papaya (carica papaya)/1725.jpg,1,Papaya
Papaya (carica papaya)/1726.jpg,1,Papaya
Papaya (carica papaya)/1727.jpg,1,Papaya
Papaya (carica papaya)/1728.jpg,1,Papaya
Papaya (carica papaya)/1729.jpg,1,Papaya
Papaya (carica papaya)/173.jpg,1,Papaya
Papaya (carica papaya)/1730.jpg,1,Papaya
Papaya (carica papaya)/1731.jpg,1,Papaya
Papaya (carica papaya)/1732.jpg,1,Papaya
Papaya (carica papaya)/1733.jpg,1,Papaya
Papaya (carica papaya)/1734.jpg,1,Papaya
Papaya (carica papaya)/1735.jpg,1,Papaya
Papaya (carica papaya)/1736.jpg,1,Papaya
Papaya (carica papaya)/1737.jpg,1,Papaya
Papaya (carica papaya)/1738.jpg,1,Papaya
Papaya (carica papaya)/1739.jpg,1,Papaya
Papaya (carica papaya)/174.jpg,1,Papaya
Papaya (carica papaya)/1740.jpg,1,Papaya
Papaya (carica papaya)/1741.jpg,1,Papaya
Papaya (carica papaya)/1742.jpg,1,Papaya
Papaya (carica papaya)/1743.jpg,1,Papaya
Papaya (carica papaya)/1744.jpg,1,Papaya
Papaya (carica papaya)/1745.jpg,1,Papaya
Papaya (carica papaya)/1746.jpg,1,Papaya
Papaya (carica papaya)/1747.jpg,1,Papaya
Papaya (carica papaya)/1748.jpg,1,Papaya
Papaya (carica papaya)/1749.jpg,1,Papaya
Papaya (carica papaya)/175.jpg,1,Papaya
Papaya (carica papaya)/1750.jpg,1,Papaya
Papaya (carica papaya)/1751.jpg,1,Papaya
Papaya (carica papaya)/1752.jpg,1,Papaya
Papaya (carica papaya)/1753.jpg,1,Papaya
Papaya (carica papaya)/1754.jpg,1,Papaya
Papaya (carica papaya)/1755.jpg,1,Papaya
Papaya (carica papaya)/1756.jpg,1,Papaya
Papaya (carica papaya)/1757.jpg,1,Papaya
Papaya (carica papaya)/1758.jpg,1,Papaya
Papaya (carica papaya)/1759.jpg,1,Papaya
Papaya (carica papaya)/176.jpg,1,Papaya
Papaya (carica papaya)/1760.jpg,1,Papaya
Papaya (carica papaya)/1761.jpg,1,Papaya
Papaya (carica papaya)/1762.jpg,1,Papaya
Papaya (carica papaya)/1763.jpg,1,Papaya
Papaya (carica papaya)/1764.jpg,1,Papaya
Papaya (carica papaya)/1765.jpg,1,Papaya
Papaya (carica papaya)/1766.jpg,1,Papaya
Papaya (carica papaya)/1767.jpg,1,Papaya
Papaya (carica papaya)/1768.jpg,1,Papaya
Papaya (carica papaya)/1769.jpg,1,Papaya
Papaya (carica papaya)/177.jpg,1,Papaya
Papaya (carica papaya)/1770.jpg,1,Papaya
Papaya (carica papaya)/1771.jpg,1,Papaya
Papaya (carica papaya)/1772.jpg,1,Papaya
Papaya (carica papaya)/1773.jpg,1,Papaya
Papaya (carica papaya)/1774.jpg,1,Papaya
Papaya (carica papaya)/1775.jpg,1,Papaya
Papaya (carica papaya)/1776.jpg,1,Papaya
Papaya (carica papaya)/1777.jpg,1,Papaya
Papaya (carica papaya)/1778.jpg,1,Papaya
Papaya (carica papaya)/1779.jpg,1,Papaya
Papaya (carica papaya)/178.jpg,1,Papaya
Papaya (carica papaya)/1780.jpg,1,Papaya
Papaya (carica papaya)/1781.jpg,1,Papaya
Papaya (carica papaya)/1782.jpg,1,Papaya
Papaya (carica papaya)/1783.jpg,1,Papaya
Papaya (carica papaya)/1784.jpg,1,Papaya
Papaya (carica papaya)/1785.jpg,1,Papaya
Papaya (carica papaya)/1786.jpg,1,Papaya
Papaya (carica papaya)/1787.jpg,1,Papaya
Papaya (carica papaya)/1788.jpg,1,Papaya
Papaya (carica papaya)/1789.jpg,1,Papaya
Papaya (carica papaya)/179.jpg,1,Papaya
Papaya (carica papaya)/1790.jpg,1,Papaya
Papaya (carica papaya)/1791.jpg,1,Papaya
Papaya (carica papaya)/1792.jpg,1,Papaya
Papaya (carica papaya)/1793.jpg,1,Papaya
Papaya (carica papaya)/1794.jpg,1,Papaya
Papaya (carica papaya)/1795.jpg,1,Papaya
Papaya (carica papaya)/1796.jpg,1,Papaya
Papaya (carica papaya)/1797.jpg,1,Papaya
Papaya (carica papaya)/1798.jpg,1,Papaya
Papaya (carica papaya)/1799.jpg,1,Papaya
Papaya (carica papaya)/18.jpg,1,Papaya
Papaya (carica papaya)/180.jpg,1,Papaya
Papaya (carica papaya)/1800.jpg,1,Papaya
Papaya (carica papaya)/1801.jpg,1,Papaya
Papaya (carica papaya)/1802.jpg,1,Papaya
Papaya (carica papaya)/1803.jpg,1,Papaya
Papaya (carica papaya)/1804.jpg,1,Papaya
Papaya (carica papaya)/1805.jpg,1,Papaya
Papaya (carica papaya)/1806.jpg,1,Papaya
Papaya (carica papaya)/1807.jpg,1,Papaya
Papaya (carica papaya)/1808.jpg,1,Papaya
Papaya (carica papaya)/1809.jpg,1,Papaya
Papaya (carica papaya)/181.jpg,1,Papaya
Papaya (carica papaya)/1810.jpg,1,Papaya
Papaya (carica papaya)/1811.jpg,1,Papaya
Papaya (carica papaya)/1812.jpg,1,Papaya
Papaya (carica papaya)/1813.jpg,1,Papaya
Papaya (carica papaya)/1814.jpg,1,Papaya
Papaya (carica papaya)/1815.jpg,1,Papaya
Papaya (carica papaya)/1816.jpg,1,Papaya
Papaya (carica papaya)/1817.jpg,1,Papaya
Papaya (carica papaya)/1818.jpg,1,Papaya
Papaya (carica papaya)/1819.jpg,1,Papaya
Papaya (carica papaya)/182.jpg,1,Papaya
Papaya (carica papaya)/1820.jpg,1,Papaya
Papaya (carica papaya)/1821.jpg,1,Papaya
Papaya (carica papaya)/1822.jpg,1,Papaya
Papaya (carica papaya)/1823.jpg,1,Papaya
Papaya (carica papaya)/1824.jpg,1,Papaya
Papaya (carica papaya)/1825.jpg,1,Papaya
Papaya (carica papaya)/1826.jpg,1,Papaya
Papaya (carica papaya)/1827.jpg,1,Papaya
Papaya (carica papaya)/1828.jpg,1,Papaya
Papaya (carica papaya)/1829.jpg,1,Papaya
Papaya (carica papaya)/183.jpg,1,Papaya
Papaya (carica papaya)/1830.jpg,1,Papaya
Papaya (carica papaya)/1831.jpg,1,Papaya
Papaya (carica papaya)/1832.jpg,1,Papaya
Papaya (carica papaya)/1833.jpg,1,Papaya
Papaya (carica papaya)/1834.jpg,1,Papaya
Papaya (carica papaya)/1835.jpg,1,Papaya
Papaya (carica papaya)/1836.jpg,1,Papaya
Papaya (carica papaya)/1837.jpg,1,Papaya
Papaya (carica papaya)/1838.jpg,1,Papaya
Papaya (carica papaya)/1839.jpg,1,Papaya
Papaya (carica papaya)/184.jpg,1,Papaya
Papaya (carica papaya)/1840.jpg,1,Papaya
Papaya (carica papaya)/1841.jpg,1,Papaya
Papaya (carica papaya)/1842.jpg,1,Papaya
Papaya (carica papaya)/1843.jpg,1,Papaya
Papaya (carica papaya)/1844.jpg,1,Papaya
Papaya (carica papaya)/1845.jpg,1,Papaya
Papaya (carica papaya)/1846.jpg,1,Papaya
Papaya (carica papaya)/1847.jpg,1,Papaya
Papaya (carica papaya)/1848.jpg,1,Papaya
Papaya (carica papaya)/1849.jpg,1,Papaya
Papaya (carica papaya)/185.jpg,1,Papaya
Papaya (carica papaya)/1850.jpg,1,Papaya
Papaya (carica papaya)/1851.jpg,1,Papaya
Papaya (carica papaya)/1852.jpg,1,Papaya
Papaya (carica papaya)/1853.jpg,1,Papaya
Papaya (carica papaya)/1854.jpg,1,Papaya
Papaya (carica papaya)/1855.jpg,1,Papaya
Papaya (carica papaya)/1856.jpg,1,Papaya
Papaya (carica papaya)/1857.jpg,1,Papaya
Papaya (carica papaya)/1858.jpg,1,Papaya
Papaya (carica papaya)/1859.jpg,1,Papaya
Papaya (carica papaya)/186.jpg,1,Papaya
Papaya (carica papaya)/1860.jpg,1,Papaya
Papaya (carica papaya)/1861.jpg,1,Papaya
Papaya (carica papaya)/1862.jpg,1,Papaya
Papaya (carica papaya)/1863.jpg,1,Papaya
Papaya (carica papaya)/1864.jpg,1,Papaya
Papaya (carica papaya)/1865.jpg,1,Papaya
Papaya (carica papaya)/1866.jpg,1,Papaya
Papaya (carica papaya)/1867.jpg,1,Papaya
Papaya (carica papaya)/1868.jpg,1,Papaya
Papaya (carica papaya)/1869.jpg,1,Papaya
Papaya (carica papaya)/187.jpg,1,Papaya
Papaya (carica papaya)/1870.jpg,1,Papaya
Papaya (carica papaya)/1871.jpg,1,Papaya
Papaya (carica papaya)/1872.jpg,1,Papaya
Papaya (carica papaya)/1873.jpg,1,Papaya
Papaya (carica papaya)/1874.jpg,1,Papaya
Papaya (carica papaya)/1875.jpg,1,Papaya
Papaya (carica papaya)/1876.jpg,1,Papaya
Papaya (carica papaya)/1877.jpg,1,Papaya
Papaya (carica papaya)/1878.jpg,1,Papaya
Papaya (carica papaya)/1879.jpg,1,Papaya
Papaya (carica papaya)/188.jpg,1,Papaya
Papaya (carica papaya)/1880.jpg,1,Papaya
Papaya (carica papaya)/1881.jpg,1,Papaya
Papaya (carica papaya)/1882.jpg,1,Papaya
Papaya (carica papaya)/1883.jpg,1,Papaya
Papaya (carica papaya)/1884.jpg,1,Papaya
Papaya (carica papaya)/1885.jpg,1,Papaya
Papaya (carica papaya)/1886.jpg,1,Papaya
Papaya (carica papaya)/1887.jpg,1,Papaya
Papaya (carica papaya)/1888.jpg,1,Papaya
Papaya (carica papaya)/1889.jpg,1,Papaya
Papaya (carica papaya)/189.jpg,1,Papaya
Papaya (carica papaya)/1890.jpg,1,Papaya
Papaya (carica papaya)/1891.jpg,1,Papaya
Papaya (carica papaya)/1892.jpg,1,Papaya
Papaya (carica papaya)/1893.jpg,1,Papaya
Papaya (carica papaya)/1894.jpg,1,Papaya
Papaya (carica papaya)/1895.jpg,1,Papaya
Papaya (carica papaya)/1896.jpg,1,Papaya
Papaya (carica papaya)/1897.jpg,1,Papaya
Papaya (carica papaya)/1898.jpg,1,Papaya
Papaya (carica papaya)/1899.jpg,1,Papaya
Papaya (carica papaya)/19.jpg,1,Papaya
Papaya (carica papaya)/190.jpg,1,Papaya
Papaya (carica papaya)/1900.jpg,1,Papaya
Papaya (carica papaya)/1901.jpg,1,Papaya
Papaya (carica papaya)/1902.jpg,1,Papaya
Papaya (carica papaya)/1903.jpg,1,Papaya
Papaya (carica papaya)/1904.jpg,1,Papaya
Papaya (carica papaya)/1905.jpg,1,Papaya
Papaya (carica papaya)/1906.jpg,1,Papaya
Papaya (carica papaya)/1907.jpg,1,Papaya
Papaya (carica papaya)/1908.jpg,1,Papaya
Papaya (carica papaya)/1909.jpg,1,Papaya
Papaya (carica papaya)/191.jpg,1,Papaya
Papaya (carica papaya)/1910.jpg,1,Papaya
Papaya (carica papaya)/1911.jpg,1,Papaya
Papaya (carica papaya)/1912.jpg,1,Papaya
Papaya (carica papaya)/1913.jpg,1,Papaya
Papaya (carica papaya)/1914.jpg,1,Papaya
Papaya (carica papaya)/1915.jpg,1,Papaya
Papaya (carica papaya)/1916.jpg,1,Papaya
Papaya (carica papaya)/1917.jpg,1,Papaya
Papaya (carica papaya)/1918.jpg,1,Papaya
Papaya (carica papaya)/1919.jpg,1,Papaya
Papaya (carica papaya)/192.jpg,1,Papaya
Papaya (carica papaya)/1920.jpg,1,Papaya
Papaya (carica papaya)/1921.jpg,1,Papaya
Papaya (carica papaya)/1922.jpg,1,Papaya
Papaya (carica papaya)/1923.jpg,1,Papaya
Papaya (carica papaya)/1924.jpg,1,Papaya
Papaya (carica papaya)/1925.jpg,1,Papaya
Papaya (carica papaya)/1926.jpg,1,Papaya
Papaya (carica papaya)/1927.jpg,1,Papaya
Papaya (carica papaya)/1928.jpg,1,Papaya
Papaya (carica papaya)/1929.jpg,1,Papaya
Papaya (carica papaya)/193.jpg,1,Papaya
Papaya (carica papaya)/1930.jpg,1,Papaya
Papaya (carica papaya)/1931.jpg,1,Papaya
Papaya (carica papaya)/1932.jpg,1,Papaya
Papaya (carica papaya)/1933.jpg,1,Papaya
Papaya (carica papaya)/1934.jpg,1,Papaya
Papaya (carica papaya)/1935.jpg,1,Papaya
Papaya (carica papaya)/1936.jpg,1,Papaya
Papaya (carica papaya)/1937.jpg,1,Papaya
Papaya (carica papaya)/1938.jpg,1,Papaya
Papaya (carica papaya)/1939.jpg,1,Papaya
Papaya (carica papaya)/194.jpg,1,Papaya
Papaya (carica papaya)/1940.jpg,1,Papaya
Papaya (carica papaya)/1941.jpg,1,Papaya
Papaya (carica papaya)/1942.jpg,1,Papaya
Papaya (carica papaya)/1943.jpg,1,Papaya
Papaya (carica papaya)/1944.jpg,1,Papaya
Papaya (carica papaya)/1945.jpg,1,Papaya
Papaya (carica papaya)/1946.jpg,1,Papaya
Papaya (carica papaya)/1947.jpg,1,Papaya
Papaya (carica papaya)/1948.jpg,1,Papaya
Papaya (carica papaya)/1949.jpg,1,Papaya
Papaya (carica papaya)/195.jpg,1,Papaya
Papaya (carica papaya)/1950.jpg,1,Papaya
Papaya (carica papaya)/1951.jpg,1,Papaya
Papaya (carica papaya)/1952.jpg,1,Papaya
Papaya (carica papaya)/1953.jpg,1,Papaya
Papaya (carica papaya)/1954.jpg,1,Papaya
Papaya (carica papaya)/1955.jpg,1,Papaya
Papaya (carica papaya)/1956.jpg,1,Papaya
Papaya (carica papaya)/1957.jpg,1,Papaya
Papaya (carica papaya)/1958.jpg,1,Papaya
Papaya (carica papaya)/1959.jpg,1,Papaya
Papaya (carica papaya)/196.jpg,1,Papaya
Papaya (carica papaya)/1960.jpg,1,Papaya
Papaya (carica papaya)/1961.jpg,1,Papaya
Papaya (carica papaya)/1962.jpg,1,Papaya
Papaya (carica papaya)/1963.jpg,1,Papaya
Papaya (carica papaya)/1964.jpg,1,Papaya
Papaya (carica papaya)/1965.jpg,1,Papaya
Papaya (carica papaya)/1966.jpg,1,Papaya
Papaya (carica papaya)/1967.jpg,1,Papaya
Papaya (carica papaya)/1968.jpg,1,Papaya
Papaya (carica papaya)/1969.jpg,1,Papaya
Papaya (carica papaya)/197.jpg,1,Papaya
Papaya (carica papaya)/1970.jpg,1,Papaya
Papaya (carica papaya)/1971.jpg,1,Papaya
Papaya (carica papaya)/1972.jpg,1,Papaya
Papaya (carica papaya)/1973.jpg,1,Papaya
Papaya (carica papaya)/1974.jpg,1,Papaya
Papaya (carica papaya)/1975.jpg,1,Papaya
Papaya (carica papaya)/1976.jpg,1,Papaya
Papaya (carica papaya)/1977.jpg,1,Papaya
Papaya (carica papaya)/1978.jpg,1,Papaya
Papaya (carica papaya)/1979.jpg,1,Papaya
Papaya (carica papaya)/198.jpg,1,Papaya
Papaya (carica papaya)/1980.jpg,1,Papaya
Papaya (carica papaya)/1981.jpg,1,Papaya
Papaya (carica papaya)/1982.jpg,1,Papaya
Papaya (carica papaya)/1983.jpg,1,Papaya
Papaya (carica papaya)/1984.jpg,1,Papaya
Papaya (carica papaya)/1985.jpg,1,Papaya
Papaya (carica papaya)/1986.jpg,1,Papaya
Papaya (carica papaya)/1987.jpg,1,Papaya
Papaya (carica papaya)/1988.jpg,1,Papaya
Papaya (carica papaya)/1989.jpg,1,Papaya
Papaya (carica papaya)/199.jpg,1,Papaya
Papaya (carica papaya)/1990.jpg,1,Papaya
Papaya (carica papaya)/1991.jpg,1,Papaya
Papaya (carica papaya)/1992.jpg,1,Papaya
Papaya (carica papaya)/1993.jpg,1,Papaya
Papaya (carica papaya)/1994.jpg,1,Papaya
Papaya (carica papaya)/1995.jpg,1,Papaya
Papaya (carica papaya)/1996.jpg,1,Papaya
Papaya (carica papaya)/1997.jpg,1,Papaya
Papaya (carica papaya)/1998.jpg,1,Papaya
Papaya (carica papaya)/1999.jpg,1,Papaya
Papaya (carica papaya)/2.jpg,1,Papaya
Papaya (carica papaya)/20.jpg,1,Papaya
Papaya (carica papaya)/200.jpg,1,Papaya
Papaya (carica papaya)/2000.jpg,1,Papaya
Papaya (carica papaya)/2001.jpg,1,Papaya
Papaya (carica papaya)/2002.jpg,1,Papaya
Papaya (carica papaya)/2003.jpg,1,Papaya
Papaya (carica papaya)/2004.jpg,1,Papaya
Papaya (carica papaya)/2005.jpg,1,Papaya
Papaya (carica papaya)/2006.jpg,1,Papaya
Papaya (carica papaya)/2007.jpg,1,Papaya
Papaya (carica papaya)/2008.jpg,1,Papaya
Papaya (carica papaya)/2009.jpg,1,Papaya
Papaya (carica papaya)/201.jpg,1,Papaya
Papaya (carica papaya)/2010.jpg,1,Papaya
Papaya (carica papaya)/2011.jpg,1,Papaya
Papaya (carica papaya)/2012.jpg,1,Papaya
Papaya (carica papaya)/2013.jpg,1,Papaya
Papaya (carica papaya)/2014.jpg,1,Papaya
Papaya (carica papaya)/2015.jpg,1,Papaya
Papaya (carica papaya)/2016.jpg,1,Papaya
Papaya (carica papaya)/2017.jpg,1,Papaya
Papaya (carica papaya)/2018.jpg,1,Papaya
Papaya (carica papaya)/2019.jpg,1,Papaya
Papaya (carica papaya)/202.jpg,1,Papaya
Papaya (carica papaya)/2020.jpg,1,Papaya
Papaya (carica papaya)/2021.jpg,1,Papaya
Papaya (carica papaya)/2022.jpg,1,Papaya
Papaya (carica papaya)/2023.jpg,1,Papaya
Papaya (carica papaya)/2024.jpg,1,Papaya
Papaya (carica papaya)/2025.jpg,1,Papaya
Papaya (carica papaya)/2026.jpg,1,Papaya
Papaya (carica papaya)/2027.jpg,1,Papaya
Papaya (carica papaya)/2028.jpg,1,Papaya
Papaya (carica papaya)/2029.jpg,1,Papaya
Papaya (carica papaya)/203.jpg,1,Papaya
Papaya (carica papaya)/2030.jpg,1,Papaya
Papaya (carica papaya)/2031.jpg,1,Papaya
Papaya (carica papaya)/2032.jpg,1,Papaya
Papaya (carica papaya)/2033.jpg,1,Papaya
Papaya (carica papaya)/2034.jpg,1,Papaya
Papaya (carica papaya)/2035.jpg,1,Papaya
Papaya (carica papaya)/2036.jpg,1,Papaya
Papaya (carica papaya)/2037.jpg,1,Papaya
Papaya (carica papaya)/2038.jpg,1,Papaya
Papaya (carica papaya)/2039.jpg,1,Papaya
Papaya (carica papaya)/204.jpg,1,Papaya
Papaya (carica papaya)/2040.jpg,1,Papaya
Papaya (carica papaya)/2041.jpg,1,Papaya
Papaya (carica papaya)/2042.jpg,1,Papaya
Papaya (carica papaya)/2043.jpg,1,Papaya
Papaya (carica papaya)/2044.jpg,1,Papaya
Papaya (carica papaya)/2045.jpg,1,Papaya
Papaya (carica papaya)/2046.jpg,1,Papaya
Papaya (carica papaya)/2047.jpg,1,Papaya
Papaya (carica papaya)/2048.jpg,1,Papaya
Papaya (carica papaya)/2049.jpg,1,Papaya
Papaya (carica papaya)/205.jpg,1,Papaya
Papaya (carica papaya)/2050.jpg,1,Papaya
Papaya (carica papaya)/2051.jpg,1,Papaya
Papaya (carica papaya)/2052.jpg,1,Papaya
Papaya (carica papaya)/2053.jpg,1,Papaya
Papaya (carica papaya)/2054.jpg,1,Papaya
Papaya (carica papaya)/2055.jpg,1,Papaya
Papaya (carica papaya)/2056.jpg,1,Papaya
Papaya (carica papaya)/2057.jpg,1,Papaya
Papaya (carica papaya)/2058.jpg,1,Papaya
Papaya (carica papaya)/2059.jpg,1,Papaya
Papaya (carica papaya)/206.jpg,1,Papaya
Papaya (carica papaya)/2060.jpg,1,Papaya
Papaya (carica papaya)/2061.jpg,1,Papaya
Papaya (carica papaya)/2062.jpg,1,Papaya
Papaya (carica papaya)/2063.jpg,1,Papaya
Papaya (carica papaya)/2064.jpg,1,Papaya
Papaya (carica papaya)/2065.jpg,1,Papaya
Papaya (carica papaya)/2066.jpg,1,Papaya
Papaya (carica papaya)/2067.jpg,1,Papaya
Papaya (carica papaya)/2068.jpg,1,Papaya
Papaya (carica papaya)/2069.jpg,1,Papaya
Papaya (carica papaya)/207.jpg,1,Papaya
Papaya (carica papaya)/2070.jpg,1,Papaya
Papaya (carica papaya)/2071.jpg,1,Papaya
Papaya (carica papaya)/2072.jpg,1,Papaya
Papaya (carica papaya)/2073.jpg,1,Papaya
Papaya (carica papaya)/2074.jpg,1,Papaya
Papaya (carica papaya)/2075.jpg,1,Papaya
Papaya (carica papaya)/2076.jpg,1,Papaya
Papaya (carica papaya)/2077.jpg,1,Papaya
Papaya (carica papaya)/2078.jpg,1,Papaya
Papaya (carica papaya)/2079.jpg,1,Papaya
Papaya (carica papaya)/208.jpg,1,Papaya
Papaya (carica papaya)/2080.jpg,1,Papaya
Papaya (carica papaya)/2081.jpg,1,Papaya
Papaya (carica papaya)/2082.jpg,1,Papaya
Papaya (carica papaya)/2083.jpg,1,Papaya
Papaya (carica papaya)/2084.jpg,1,Papaya
Papaya (carica papaya)/2085.jpg,1,Papaya
Papaya (carica papaya)/2086.jpg,1,Papaya
Papaya (carica papaya)/2087.jpg,1,Papaya
Papaya (carica papaya)/2088.jpg,1,Papaya
Papaya (carica papaya)/2089.jpg,1,Papaya
Papaya (carica papaya)/209.jpg,1,Papaya
Papaya (carica papaya)/2090.jpg,1,Papaya
Papaya (carica papaya)/2091.jpg,1,Papaya
Papaya (carica papaya)/2092.jpg,1,Papaya
Papaya (carica papaya)/2093.jpg,1,Papaya
Papaya (carica papaya)/2094.jpg,1,Papaya
Papaya (carica papaya)/2095.jpg,1,Papaya
Papaya (carica papaya)/2096.jpg,1,Papaya
Papaya (carica papaya)/2097.jpg,1,Papaya
Papaya (carica papaya)/2098.jpg,1,Papaya
Papaya (carica papaya)/2099.jpg,1,Papaya
Papaya (carica papaya)/21.jpg,1,Papaya
Papaya (carica papaya)/210.jpg,1,Papaya
Papaya (carica papaya)/2100.jpg,1,Papaya
Papaya (carica papaya)/2101.jpg,1,Papaya
Papaya (carica papaya)/2102.jpg,1,Papaya
Papaya (carica papaya)/2103.jpg,1,Papaya
Papaya (carica papaya)/2104.jpg,1,Papaya
Papaya (carica papaya)/2105.jpg,1,Papaya
Papaya (carica papaya)/2106.jpg,1,Papaya
Papaya (carica papaya)/2107.jpg,1,Papaya
Papaya (carica papaya)/2108.jpg,1,Papaya
Papaya (carica papaya)/2109.jpg,1,Papaya
Papaya (carica papaya)/211.jpg,1,Papaya
Papaya (carica papaya)/2110.jpg,1,Papaya
Papaya (carica papaya)/2111.jpg,1,Papaya
Papaya (carica papaya)/2112.jpg,1,Papaya
Papaya (carica papaya)/2113.jpg,1,Papaya
Papaya (carica papaya)/2114.jpg,1,Papaya
Papaya (carica papaya)/2115.jpg,1,Papaya
Papaya (carica papaya)/2116.jpg,1,Papaya
Papaya (carica papaya)/2117.jpg,1,Papaya
Papaya (carica papaya)/2118.jpg,1,Papaya
Papaya (carica papaya)/2119.jpg,1,Papaya
Papaya (carica papaya)/212.jpg,1,Papaya
Papaya (carica papaya)/2120.jpg,1,Papaya
Papaya (carica papaya)/2121.jpg,1,Papaya
Papaya (carica papaya)/2122.jpg,1,Papaya
Papaya (carica papaya)/2123.jpg,1,Papaya
Papaya (carica papaya)/2124.jpg,1,Papaya
Papaya (carica papaya)/2125.jpg,1,Papaya
Papaya (carica papaya)/2126.jpg,1,Papaya
Papaya (carica papaya)/2127.jpg,1,Papaya
Papaya (carica papaya)/2128.jpg,1,Papaya
Papaya (carica papaya)/2129.jpg,1,Papaya
Papaya (carica papaya)/213.jpg,1,Papaya
Papaya (carica papaya)/2130.jpg,1,Papaya
Papaya (carica papaya)/2131.jpg,1,Papaya
Papaya (carica papaya)/2132.jpg,1,Papaya
Papaya (carica papaya)/2133.jpg,1,Papaya
Papaya (carica papaya)/2134.jpg,1,Papaya
Papaya (carica papaya)/2135.jpg,1,Papaya
Papaya (carica papaya)/2136.jpg,1,Papaya
Papaya (carica papaya)/2137.jpg,1,Papaya
Papaya (carica papaya)/2138.jpg,1,Papaya
Papaya (carica papaya)/2139.jpg,1,Papaya
Papaya (carica papaya)/214.jpg,1,Papaya
Papaya (carica papaya)/2140.jpg,1,Papaya
Papaya (carica papaya)/2141.jpg,1,Papaya
Papaya (carica papaya)/2142.jpg,1,Papaya
Papaya (carica papaya)/2143.jpg,1,Papaya
Papaya (carica papaya)/2144.jpg,1,Papaya
Papaya (carica papaya)/2145.jpg,1,Papaya
Papaya (carica papaya)/2146.jpg,1,Papaya
Papaya (carica papaya)/2147.jpg,1,Papaya
Papaya (carica papaya)/2148.jpg,1,Papaya
Papaya (carica papaya)/2149.jpg,1,Papaya
Papaya (carica papaya)/215.jpg,1,Papaya
Papaya (carica papaya)/2150.jpg,1,Papaya
Papaya (carica papaya)/2151.jpg,1,Papaya
Papaya (carica papaya)/2152.jpg,1,Papaya
Papaya (carica papaya)/2153.jpg,1,Papaya
Papaya (carica papaya)/2154.jpg,1,Papaya
Papaya (carica papaya)/2155.jpg,1,Papaya
Papaya (carica papaya)/2156.jpg,1,Papaya
Papaya (carica papaya)/2157.jpg,1,Papaya
Papaya (carica papaya)/2158.jpg,1,Papaya
Papaya (carica papaya)/2159.jpg,1,Papaya
Papaya (carica papaya)/216.jpg,1,Papaya
Papaya (carica papaya)/2160.jpg,1,Papaya
Papaya (carica papaya)/2161.jpg,1,Papaya
Papaya (carica papaya)/2162.jpg,1,Papaya
Papaya (carica papaya)/2163.jpg,1,Papaya
Papaya (carica papaya)/2164.jpg,1,Papaya
Papaya (carica papaya)/2165.jpg,1,Papaya
Papaya (carica papaya)/2166.jpg,1,Papaya
Papaya (carica papaya)/2167.jpg,1,Papaya
Papaya (carica papaya)/2168.jpg,1,Papaya
Papaya (carica papaya)/2169.jpg,1,Papaya
Papaya (carica papaya)/217.jpg,1,Papaya
Papaya (carica papaya)/2170.jpg,1,Papaya
Papaya (carica papaya)/2171.jpg,1,Papaya
Papaya (carica papaya)/2172.jpg,1,Papaya
Papaya (carica papaya)/2173.jpg,1,Papaya
Papaya (carica papaya)/2174.jpg,1,Papaya
Papaya (carica papaya)/2175.jpg,1,Papaya
Papaya (carica papaya)/2176.jpg,1,Papaya
Papaya (carica papaya)/2177.jpg,1,Papaya
Papaya (carica papaya)/2178.jpg,1,Papaya
Papaya (carica papaya)/2179.jpg,1,Papaya
Papaya (carica papaya)/218.jpg,1,Papaya
Papaya (carica papaya)/2180.jpg,1,Papaya
Papaya (carica papaya)/2181.jpg,1,Papaya
Papaya (carica papaya)/2182.jpg,1,Papaya
Papaya (carica papaya)/2183.jpg,1,Papaya
Papaya (carica papaya)/2184.jpg,1,Papaya
Papaya (carica papaya)/2185.jpg,1,Papaya
Papaya (carica papaya)/2186.jpg,1,Papaya
Papaya (carica papaya)/2187.jpg,1,Papaya
Papaya (carica papaya)/2188.jpg,1,Papaya
Papaya (carica papaya)/2189.jpg,1,Papaya
Papaya (carica papaya)/219.jpg,1,Papaya
Papaya (carica papaya)/2190.jpg,1,Papaya
Papaya (carica papaya)/2191.jpg,1,Papaya
Papaya (carica papaya)/2192.jpg,1,Papaya
Papaya (carica papaya)/2193.jpg,1,Papaya
Papaya (carica papaya)/2194.jpg,1,Papaya
Papaya (carica papaya)/2195.jpg,1,Papaya
Papaya (carica papaya)/2196.jpg,1,Papaya
Papaya (carica papaya)/2197.jpg,1,Papaya
Papaya (carica papaya)/2198.jpg,1,Papaya
Papaya (carica papaya)/2199.jpg,1,Papaya
Papaya (carica papaya)/22.jpg,1,Papaya
Papaya (carica papaya)/220.jpg,1,Papaya
Papaya (carica papaya)/2200.jpg,1,Papaya
Papaya (carica papaya)/2201.jpg,1,Papaya
Papaya (carica papaya)/2202.jpg,1,Papaya
Papaya (carica papaya)/2203.jpg,1,Papaya
Papaya (carica papaya)/2204.jpg,1,Papaya
Papaya (carica papaya)/2205.jpg,1,Papaya
Papaya (carica papaya)/2206.jpg,1,Papaya
Papaya (carica papaya)/2207.jpg,1,Papaya
Papaya (carica papaya)/2208.jpg,1,Papaya
Papaya (carica papaya)/2209.jpg,1,Papaya
Papaya (carica papaya)/221.jpg,1,Papaya
Papaya (carica papaya)/2210.jpg,1,Papaya
Papaya (carica papaya)/2211.jpg,1,Papaya
Papaya (carica papaya)/2212.jpg,1,Papaya
Papaya (carica papaya)/2213.jpg,1,Papaya
Papaya (carica papaya)/2214.jpg,1,Papaya
Papaya (carica papaya)/2215.jpg,1,Papaya
Papaya (carica papaya)/2216.jpg,1,Papaya
Papaya (carica papaya)/2217.jpg,1,Papaya
Papaya (carica papaya)/2218.jpg,1,Papaya
Papaya (carica papaya)/2219.jpg,1,Papaya
Papaya (carica papaya)/222.jpg,1,Papaya
Papaya (carica papaya)/2220.jpg,1,Papaya
Papaya (carica papaya)/2221.jpg,1,Papaya
Papaya (carica papaya)/2222.jpg,1,Papaya
Papaya (carica papaya)/2223.jpg,1,Papaya
Papaya (carica papaya)/2224.jpg,1,Papaya
Papaya (carica papaya)/2225.jpg,1,Papaya
Papaya (carica papaya)/2226.jpg,1,Papaya
Papaya (carica papaya)/2227.jpg,1,Papaya
Papaya (carica papaya)/2228.jpg,1,Papaya
Papaya (carica papaya)/2229.jpg,1,Papaya
Papaya (carica papaya)/223.jpg,1,Papaya
Papaya (carica papaya)/2230.jpg,1,Papaya
Papaya (carica papaya)/2231.jpg,1,Papaya
Papaya (carica papaya)/2232.jpg,1,Papaya
Papaya (carica papaya)/2233.jpg,1,Papaya
Papaya (carica papaya)/2234.jpg,1,Papaya
Papaya (carica papaya)/2235.jpg,1,Papaya
Papaya (carica papaya)/2236.jpg,1,Papaya
Papaya (carica papaya)/2237.jpg,1,Papaya
Papaya (carica papaya)/2238.jpg,1,Papaya
Papaya (carica papaya)/2239.jpg,1,Papaya
Papaya (carica papaya)/224.jpg,1,Papaya
Papaya (carica papaya)/2240.jpg,1,Papaya
Papaya (carica papaya)/2241.jpg,1,Papaya
Papaya (carica papaya)/2242.jpg,1,Papaya
Papaya (carica papaya)/2243.jpg,1,Papaya
Papaya (carica papaya)/2244.jpg,1,Papaya
Papaya (carica papaya)/2245.jpg,1,Papaya
Papaya (carica papaya)/2246.jpg,1,Papaya
Papaya (carica papaya)/2247.jpg,1,Papaya
Papaya (carica papaya)/2248.jpg,1,Papaya
Papaya (carica papaya)/2249.jpg,1,Papaya
Papaya (carica papaya)/225.jpg,1,Papaya
Papaya (carica papaya)/2250.jpg,1,Papaya
Papaya (carica papaya)/2251.jpg,1,Papaya
Papaya (carica papaya)/2252.jpg,1,Papaya
Papaya (carica papaya)/2253.jpg,1,Papaya
Papaya (carica papaya)/2254.jpg,1,Papaya
Papaya (carica papaya)/2255.jpg,1,Papaya
Papaya (carica papaya)/2256.jpg,1,Papaya
Papaya (carica papaya)/2257.jpg,1,Papaya
Papaya (carica papaya)/2258.jpg,1,Papaya
Papaya (carica papaya)/2259.jpg,1,Papaya
Papaya (carica papaya)/226.jpg,1,Papaya
Papaya (carica papaya)/2260.jpg,1,Papaya
Papaya (carica papaya)/2261.jpg,1,Papaya
Papaya (carica papaya)/2262.jpg,1,Papaya
Papaya (carica papaya)/2263.jpg,1,Papaya
Papaya (carica papaya)/2264.jpg,1,Papaya
Papaya (carica papaya)/2265.jpg,1,Papaya
Papaya (carica papaya)/2266.jpg,1,Papaya
Papaya (carica papaya)/2267.jpg,1,Papaya
Papaya (carica papaya)/2268.jpg,1,Papaya
Papaya (carica papaya)/2269.jpg,1,Papaya
Papaya (carica papaya)/227.jpg,1,Papaya
Papaya (carica papaya)/2270.jpg,1,Papaya
Papaya (carica papaya)/2271.jpg,1,Papaya
Papaya (carica papaya)/2272.jpg,1,Papaya
Papaya (carica papaya)/2273.jpg,1,Papaya
Papaya (carica papaya)/2274.jpg,1,Papaya
Papaya (carica papaya)/2275.jpg,1,Papaya
Papaya (carica papaya)/2276.jpg,1,Papaya
Papaya (carica papaya)/2277.jpg,1,Papaya
Papaya (carica papaya)/2278.jpg,1,Papaya
Papaya (carica papaya)/2279.jpg,1,Papaya
Papaya (carica papaya)/228.jpg,1,Papaya
Papaya (carica papaya)/2280.jpg,1,Papaya
Papaya (carica papaya)/2281.jpg,1,Papaya
Papaya (carica papaya)/2282.jpg,1,Papaya
Papaya (carica papaya)/2283.jpg,1,Papaya
Papaya (carica papaya)/2284.jpg,1,Papaya
Papaya (carica papaya)/2285.jpg,1,Papaya
Papaya (carica papaya)/2286.jpg,1,Papaya
Papaya (carica papaya)/2287.jpg,1,Papaya
Papaya (carica papaya)/2288.jpg,1,Papaya
Papaya (carica papaya)/2289.jpg,1,Papaya
Papaya (carica papaya)/229.jpg,1,Papaya
Papaya (carica papaya)/2290.jpg,1,Papaya
Papaya (carica papaya)/2291.jpg,1,Papaya
Papaya (carica papaya)/2292.jpg,1,Papaya
Papaya (carica papaya)/2293.jpg,1,Papaya
Papaya (carica papaya)/2294.jpg,1,Papaya
Papaya (carica papaya)/2295.jpg,1,Papaya
Papaya (carica papaya)/2296.jpg,1,Papaya
Papaya (carica papaya)/2297.jpg,1,Papaya
Papaya (carica papaya)/2298.jpg,1,Papaya
Papaya (carica papaya)/2299.jpg,1,Papaya
Papaya (carica papaya)/23.jpg,1,Papaya
Papaya (carica papaya)/230.jpg,1,Papaya
Papaya (carica papaya)/2300.jpg,1,Papaya
Papaya (carica papaya)/2301.jpg,1,Papaya
Papaya (carica papaya)/2302.jpg,1,Papaya
Papaya (carica papaya)/2303.jpg,1,Papaya
Papaya (carica papaya)/2304.jpg,1,Papaya
Papaya (carica papaya)/2305.jpg,1,Papaya
Papaya (carica papaya)/2306.jpg,1,Papaya
Papaya (carica papaya)/2307.jpg,1,Papaya
Papaya (carica papaya)/2308.jpg,1,Papaya
Papaya (carica papaya)/2309.jpg,1,Papaya
Papaya (carica papaya)/231.jpg,1,Papaya
Papaya (carica papaya)/2310.jpg,1,Papaya
Papaya (carica papaya)/2311.jpg,1,Papaya
Papaya (carica papaya)/2312.jpg,1,Papaya
Papaya (carica papaya)/2313.jpg,1,Papaya
Papaya (carica papaya)/2314.jpg,1,Papaya
Papaya (carica papaya)/2315.jpg,1,Papaya
Papaya (carica papaya)/2316.jpg,1,Papaya
Papaya (carica papaya)/2317.jpg,1,Papaya
Papaya (carica papaya)/2318.jpg,1,Papaya
Papaya (carica papaya)/2319.jpg,1,Papaya
Papaya (carica papaya)/232.jpg,1,Papaya
Papaya (carica papaya)/2320.jpg,1,Papaya
Papaya (carica papaya)/2321.jpg,1,Papaya
Papaya (carica papaya)/2322.jpg,1,Papaya
Papaya (carica papaya)/2323.jpg,1,Papaya
Papaya (carica papaya)/2324.jpg,1,Papaya
Papaya (carica papaya)/2325.jpg,1,Papaya
Papaya (carica papaya)/2326.jpg,1,Papaya
Papaya (carica papaya)/2327.jpg,1,Papaya
Papaya (carica papaya)/2328.jpg,1,Papaya
Papaya (carica papaya)/2329.jpg,1,Papaya
Papaya (carica papaya)/233.jpg,1,Papaya
Papaya (carica papaya)/2330.jpg,1,Papaya
Papaya (carica papaya)/2331.jpg,1,Papaya
Papaya (carica papaya)/2332.jpg,1,Papaya
Papaya (carica papaya)/2333.jpg,1,Papaya
Papaya (carica papaya)/2334.jpg,1,Papaya
Papaya (carica papaya)/2335.jpg,1,Papaya
Papaya (carica papaya)/2336.jpg,1,Papaya
Papaya (carica papaya)/2337.jpg,1,Papaya
Papaya (carica papaya)/2338.jpg,1,Papaya
Papaya (carica papaya)/2339.jpg,1,Papaya
Papaya (carica papaya)/234.jpg,1,Papaya
Papaya (carica papaya)/2340.jpg,1,Papaya
Papaya (carica papaya)/2341.jpg,1,Papaya
Papaya (carica papaya)/2342.jpg,1,Papaya
Papaya (carica papaya)/2343.jpg,1,Papaya
Papaya (carica papaya)/2344.jpg,1,Papaya
Papaya (carica papaya)/2345.jpg,1,Papaya
Papaya (carica papaya)/2346.jpg,1,Papaya
Papaya (carica papaya)/2347.jpg,1,Papaya
Papaya (carica papaya)/2348.jpg,1,Papaya
Papaya (carica papaya)/2349.jpg,1,Papaya
Papaya (carica papaya)/235.jpg,1,Papaya
Papaya (carica papaya)/2350.jpg,1,Papaya
Papaya (carica papaya)/2351.jpg,1,Papaya
Papaya (carica papaya)/2352.jpg,1,Papaya
Papaya (carica papaya)/2353.jpg,1,Papaya
Papaya (carica papaya)/2354.jpg,1,Papaya
Papaya (carica papaya)/2355.jpg,1,Papaya
Papaya (carica papaya)/2356.jpg,1,Papaya
Papaya (carica papaya)/2357.jpg,1,Papaya
Papaya (carica papaya)/2358.jpg,1,Papaya
Papaya (carica papaya)/2359.jpg,1,Papaya
Papaya (carica papaya)/236.jpg,1,Papaya
Papaya (carica papaya)/2360.jpg,1,Papaya
Papaya (carica papaya)/2361.jpg,1,Papaya
Papaya (carica papaya)/2362.jpg,1,Papaya
Papaya (carica papaya)/2363.jpg,1,Papaya
Papaya (carica papaya)/2364.jpg,1,Papaya
Papaya (carica papaya)/2365.jpg,1,Papaya
Papaya (carica papaya)/2366.jpg,1,Papaya
Papaya (carica papaya)/2367.jpg,1,Papaya
Papaya (carica papaya)/2368.jpg,1,Papaya
Papaya (carica papaya)/2369.jpg,1,Papaya
Papaya (carica papaya)/237.jpg,1,Papaya
Papaya (carica papaya)/2370.jpg,1,Papaya
Papaya (carica papaya)/2371.jpg,1,Papaya
Papaya (carica papaya)/2372.jpg,1,Papaya
Papaya (carica papaya)/2373.jpg,1,Papaya
Papaya (carica papaya)/2374.jpg,1,Papaya
Papaya (carica papaya)/2375.jpg,1,Papaya
Papaya (carica papaya)/2376.jpg,1,Papaya
Papaya (carica papaya)/2377.jpg,1,Papaya
Papaya (carica papaya)/2378.jpg,1,Papaya
Papaya (carica papaya)/2379.jpg,1,Papaya
Papaya (carica papaya)/238.jpg,1,Papaya
Papaya (carica papaya)/2380.jpg,1,Papaya
Papaya (carica papaya)/2381.jpg,1,Papaya
Papaya (carica papaya)/2382.jpg,1,Papaya
Papaya (carica papaya)/2383.jpg,1,Papaya
Papaya (carica papaya)/2384.jpg,1,Papaya
Papaya (carica papaya)/2385.jpg,1,Papaya
Papaya (carica papaya)/2386.jpg,1,Papaya
Papaya (carica papaya)/2387.jpg,1,Papaya
Papaya (carica papaya)/2388.jpg,1,Papaya
Papaya (carica papaya)/2389.jpg,1,Papaya
Papaya (carica papaya)/239.jpg,1,Papaya
Papaya (carica papaya)/2390.jpg,1,Papaya
Papaya (carica papaya)/2391.jpg,1,Papaya
Papaya (carica papaya)/2392.jpg,1,Papaya
Papaya (carica papaya)/2393.jpg,1,Papaya
Papaya (carica papaya)/2394.jpg,1,Papaya
Papaya (carica papaya)/2395.jpg,1,Papaya
Papaya (carica papaya)/2396.jpg,1,Papaya
Papaya (carica papaya)/2397.jpg,1,Papaya
Papaya (carica papaya)/2398.jpg,1,Papaya
Papaya (carica papaya)/2399.jpg,1,Papaya
Papaya (carica papaya)/24.jpg,1,Papaya
Papaya (carica papaya)/240.jpg,1,Papaya
Papaya (carica papaya)/2400.jpg,1,Papaya
Papaya (carica papaya)/2401.jpg,1,Papaya
Papaya (carica papaya)/2402.jpg,1,Papaya
Papaya (carica papaya)/2403.jpg,1,Papaya
Papaya (carica papaya)/2404.jpg,1,Papaya
Papaya (carica papaya)/2405.jpg,1,Papaya
Papaya (carica papaya)/2406.jpg,1,Papaya
Papaya (carica papaya)/2407.jpg,1,Papaya
Papaya (carica papaya)/2408.jpg,1,Papaya
Papaya (carica papaya)/2409.jpg,1,Papaya
Papaya (carica papaya)/241.jpg,1,Papaya
Papaya (carica papaya)/2410.jpg,1,Papaya
Papaya (carica papaya)/2411.jpg,1,Papaya
Papaya (carica papaya)/2412.jpg,1,Papaya
Papaya (carica papaya)/2413.jpg,1,Papaya
Papaya (carica papaya)/2414.jpg,1,Papaya
Papaya (carica papaya)/2415.jpg,1,Papaya
Papaya (carica papaya)/2416.jpg,1,Papaya
Papaya (carica papaya)/2417.jpg,1,Papaya
Papaya (carica papaya)/2418.jpg,1,Papaya
Papaya (carica papaya)/2419.jpg,1,Papaya
Papaya (carica papaya)/242.jpg,1,Papaya
Papaya (carica papaya)/2420.jpg,1,Papaya
Papaya (carica papaya)/2421.jpg,1,Papaya
Papaya (carica papaya)/2422.jpg,1,Papaya
Papaya (carica papaya)/2423.jpg,1,Papaya
Papaya (carica papaya)/2424.jpg,1,Papaya
Papaya (carica papaya)/2425.jpg,1,Papaya
Papaya (carica papaya)/2426.jpg,1,Papaya
Papaya (carica papaya)/2427.jpg,1,Papaya
Papaya (carica papaya)/2428.jpg,1,Papaya
Papaya (carica papaya)/2429.jpg,1,Papaya
Papaya (carica papaya)/243.jpg,1,Papaya
Papaya (carica papaya)/2430.jpg,1,Papaya
Papaya (carica papaya)/2431.jpg,1,Papaya
Papaya (carica papaya)/2432.jpg,1,Papaya
Papaya (carica papaya)/2433.jpg,1,Papaya
Papaya (carica papaya)/2434.jpg,1,Papaya
Papaya (carica papaya)/2435.jpg,1,Papaya
Papaya (carica papaya)/2436.jpg,1,Papaya
Papaya (carica papaya)/2437.jpg,1,Papaya
Papaya (carica papaya)/2438.jpg,1,Papaya
Papaya (carica papaya)/2439.jpg,1,Papaya
Papaya (carica papaya)/244.jpg,1,Papaya
Papaya (carica papaya)/2440.jpg,1,Papaya
Papaya (carica papaya)/2441.jpg,1,Papaya
Papaya (carica papaya)/2442.jpg,1,Papaya
Papaya (carica papaya)/2443.jpg,1,Papaya
Papaya (carica papaya)/2444.jpg,1,Papaya
Papaya (carica papaya)/2445.jpg,1,Papaya
Papaya (carica papaya)/2446.jpg,1,Papaya
Papaya (carica papaya)/2447.jpg,1,Papaya
Papaya (carica papaya)/2448.jpg,1,Papaya
Papaya (carica papaya)/2449.jpg,1,Papaya
Papaya (carica papaya)/245.jpg,1,Papaya
Papaya (carica papaya)/2450.jpg,1,Papaya
Papaya (carica papaya)/2451.jpg,1,Papaya
Papaya (carica papaya)/2452.jpg,1,Papaya
Papaya (carica papaya)/2453.jpg,1,Papaya
Papaya (carica papaya)/2454.jpg,1,Papaya
Papaya (carica papaya)/2455.jpg,1,Papaya
Papaya (carica papaya)/2456.jpg,1,Papaya
Papaya (carica papaya)/2457.jpg,1,Papaya
Papaya (carica papaya)/2458.jpg,1,Papaya
Papaya (carica papaya)/2459.jpg,1,Papaya
Papaya (carica papaya)/246.jpg,1,Papaya
Papaya (carica papaya)/2460.jpg,1,Papaya
Papaya (carica papaya)/2461.jpg,1,Papaya
Papaya (carica papaya)/2462.jpg,1,Papaya
Papaya (carica papaya)/2463.jpg,1,Papaya
Papaya (carica papaya)/2464.jpg,1,Papaya
Papaya (carica papaya)/2465.jpg,1,Papaya
Papaya (carica papaya)/2466.jpg,1,Papaya
Papaya (carica papaya)/2467.jpg,1,Papaya
Papaya (carica papaya)/2468.jpg,1,Papaya
Papaya (carica papaya)/2469.jpg,1,Papaya
Papaya (carica papaya)/247.jpg,1,Papaya
Papaya (carica papaya)/2470.jpg,1,Papaya
Papaya (carica papaya)/2471.jpg,1,Papaya
Papaya (carica papaya)/2472.jpg,1,Papaya
Papaya (carica papaya)/2473.jpg,1,Papaya
Papaya (carica papaya)/2474.jpg,1,Papaya
Papaya (carica papaya)/2475.jpg,1,Papaya
Papaya (carica papaya)/2476.jpg,1,Papaya
Papaya (carica papaya)/2477.jpg,1,Papaya
Papaya (carica papaya)/2478.jpg,1,Papaya
Papaya (carica papaya)/2479.jpg,1,Papaya
Papaya (carica papaya)/248.jpg,1,Papaya
Papaya (carica papaya)/2480.jpg,1,Papaya
Papaya (carica papaya)/2481.jpg,1,Papaya
Papaya (carica papaya)/2482.jpg,1,Papaya
Papaya (carica papaya)/2483.jpg,1,Papaya
Papaya (carica papaya)/2484.jpg,1,Papaya
Papaya (carica papaya)/2485.jpg,1,Papaya
Papaya (carica papaya)/2486.jpg,1,Papaya
Papaya (carica papaya)/2487.jpg,1,Papaya
Papaya (carica papaya)/2488.jpg,1,Papaya
Papaya (carica papaya)/2489.jpg,1,Papaya
Papaya (carica papaya)/249.jpg,1,Papaya
Papaya (carica papaya)/2490.jpg,1,Papaya
Papaya (carica papaya)/2491.jpg,1,Papaya
Papaya (carica papaya)/2492.jpg,1,Papaya
Papaya (carica papaya)/2493.jpg,1,Papaya
Papaya (carica papaya)/2494.jpg,1,Papaya
Papaya (carica papaya)/2495.jpg,1,Papaya
Papaya (carica papaya)/2496.jpg,1,Papaya
Papaya (carica papaya)/2497.jpg,1,Papaya
Papaya (carica papaya)/2498.jpg,1,Papaya
Papaya (carica papaya)/2499.jpg,1,Papaya
Papaya (carica papaya)/25.jpg,1,Papaya
Papaya (carica papaya)/250.jpg,1,Papaya
Papaya (carica papaya)/2500.jpg,1,Papaya
Papaya (carica papaya)/2501.jpg,1,Papaya
Papaya (carica papaya)/2502.jpg,1,Papaya
Papaya (carica papaya)/2503.jpg,1,Papaya
Papaya (carica papaya)/2504.jpg,1,Papaya
Papaya (carica papaya)/2505.jpg,1,Papaya
Papaya (carica papaya)/2506.jpg,1,Papaya
Papaya (carica papaya)/2507.jpg,1,Papaya
Papaya (carica papaya)/2508.jpg,1,Papaya
Papaya (carica papaya)/2509.jpg,1,Papaya
Papaya (carica papaya)/251.jpg,1,Papaya
Papaya (carica papaya)/2510.jpg,1,Papaya
Papaya (carica papaya)/2511.jpg,1,Papaya
Papaya (carica papaya)/2512.jpg,1,Papaya
Papaya (carica papaya)/2513.jpg,1,Papaya
Papaya (carica papaya)/2514.jpg,1,Papaya
Papaya (carica papaya)/2515.jpg,1,Papaya
Papaya (carica papaya)/2516.jpg,1,Papaya
Papaya (carica papaya)/2517.jpg,1,Papaya
Papaya (carica papaya)/2518.jpg,1,Papaya
Papaya (carica papaya)/2519.jpg,1,Papaya
Papaya (carica papaya)/252.jpg,1,Papaya
Papaya (carica papaya)/2520.jpg,1,Papaya
Papaya (carica papaya)/2521.jpg,1,Papaya
Papaya (carica papaya)/2522.jpg,1,Papaya
Papaya (carica papaya)/2523.jpg,1,Papaya
Papaya (carica papaya)/2524.jpg,1,Papaya
Papaya (carica papaya)/2525.jpg,1,Papaya
Papaya (carica papaya)/2526.jpg,1,Papaya
Papaya (carica papaya)/2527.jpg,1,Papaya
Papaya (carica papaya)/2528.jpg,1,Papaya
Papaya (carica papaya)/2529.jpg,1,Papaya
Papaya (carica papaya)/253.jpg,1,Papaya
Papaya (carica papaya)/2530.jpg,1,Papaya
Papaya (carica papaya)/2531.jpg,1,Papaya
Papaya (carica papaya)/2532.jpg,1,Papaya
Papaya (carica papaya)/2533.jpg,1,Papaya
Papaya (carica papaya)/2534.jpg,1,Papaya
Papaya (carica papaya)/2535.jpg,1,Papaya
Papaya (carica papaya)/2536.jpg,1,Papaya
Papaya (carica papaya)/2537.jpg,1,Papaya
Papaya (carica papaya)/2538.jpg,1,Papaya
Papaya (carica papaya)/2539.jpg,1,Papaya
Papaya (carica papaya)/254.jpg,1,Papaya
Papaya (carica papaya)/2540.jpg,1,Papaya
Papaya (carica papaya)/2541.jpg,1,Papaya
Papaya (carica papaya)/2542.jpg,1,Papaya
Papaya (carica papaya)/2543.jpg,1,Papaya
Papaya (carica papaya)/2544.jpg,1,Papaya
Papaya (carica papaya)/2545.jpg,1,Papaya
Papaya (carica papaya)/2546.jpg,1,Papaya
Papaya (carica papaya)/2547.jpg,1,Papaya
Papaya (carica papaya)/2548.jpg,1,Papaya
Papaya (carica papaya)/2549.jpg,1,Papaya
Papaya (carica papaya)/255.jpg,1,Papaya
Papaya (carica papaya)/2550.jpg,1,Papaya
Papaya (carica papaya)/2551.jpg,1,Papaya
Papaya (carica papaya)/2552.jpg,1,Papaya
Papaya (carica papaya)/2553.jpg,1,Papaya
Papaya (carica papaya)/2554.jpg,1,Papaya
Papaya (carica papaya)/2555.jpg,1,Papaya
Papaya (carica papaya)/2556.jpg,1,Papaya
Papaya (carica papaya)/2557.jpg,1,Papaya
Papaya (carica papaya)/2558.jpg,1,Papaya
Papaya (carica papaya)/2559.jpg,1,Papaya
Papaya (carica papaya)/256.jpg,1,Papaya
Papaya (carica papaya)/2560.jpg,1,Papaya
Papaya (carica papaya)/2561.jpg,1,Papaya
Papaya (carica papaya)/2562.jpg,1,Papaya
Papaya (carica papaya)/2563.jpg,1,Papaya
Papaya (carica papaya)/2564.jpg,1,Papaya
Papaya (carica papaya)/2565.jpg,1,Papaya
Papaya (carica papaya)/2566.jpg,1,Papaya
Papaya (carica papaya)/2567.jpg,1,Papaya
Papaya (carica papaya)/2568.jpg,1,Papaya
Papaya (carica papaya)/2569.jpg,1,Papaya
Papaya (carica papaya)/257.jpg,1,Papaya
Papaya (carica papaya)/2570.jpg,1,Papaya
Papaya (carica papaya)/2571.jpg,1,Papaya
Papaya (carica papaya)/2572.jpg,1,Papaya
Papaya (carica papaya)/2573.jpg,1,Papaya
Papaya (carica papaya)/2574.jpg,1,Papaya
Papaya (carica papaya)/2575.jpg,1,Papaya
Papaya (carica papaya)/2576.jpg,1,Papaya
Papaya (carica papaya)/2577.jpg,1,Papaya
Papaya (carica papaya)/2578.jpg,1,Papaya
Papaya (carica papaya)/2579.jpg,1,Papaya
Papaya (carica papaya)/258.jpg,1,Papaya
Papaya (carica papaya)/2580.jpg,1,Papaya
Papaya (carica papaya)/2581.jpg,1,Papaya
Papaya (carica papaya)/2582.jpg,1,Papaya
Papaya (carica papaya)/2583.jpg,1,Papaya
Papaya (carica papaya)/2584.jpg,1,Papaya
Papaya (carica papaya)/2585.jpg,1,Papaya
Papaya (carica papaya)/2586.jpg,1,Papaya
Papaya (carica papaya)/2587.jpg,1,Papaya
Papaya (carica papaya)/2588.jpg,1,Papaya
Papaya (carica papaya)/2589.jpg,1,Papaya
Papaya (carica papaya)/259.jpg,1,Papaya
Papaya (carica papaya)/2590.jpg,1,Papaya
Papaya (carica papaya)/2591.jpg,1,Papaya
Papaya (carica papaya)/2592.jpg,1,Papaya
Papaya (carica papaya)/2593.jpg,1,Papaya
Papaya (carica papaya)/2594.jpg,1,Papaya
Papaya (carica papaya)/2595.jpg,1,Papaya
Papaya (carica papaya)/2596.jpg,1,Papaya
Papaya (carica papaya)/2597.jpg,1,Papaya
Papaya (carica papaya)/2598.jpg,1,Papaya
Papaya (carica papaya)/2599.jpg,1,Papaya
Papaya (carica papaya)/26.jpg,1,Papaya
Papaya (carica papaya)/260.jpg,1,Papaya
Papaya (carica papaya)/2600.jpg,1,Papaya
Papaya (carica papaya)/2601.jpg,1,Papaya
Papaya (carica papaya)/2602.jpg,1,Papaya
Papaya (carica papaya)/2603.jpg,1,Papaya
Papaya (carica papaya)/2604.jpg,1,Papaya
Papaya (carica papaya)/2605.jpg,1,Papaya
Papaya (carica papaya)/2606.jpg,1,Papaya
Papaya (carica papaya)/2607.jpg,1,Papaya
Papaya (carica papaya)/2608.jpg,1,Papaya
Papaya (carica papaya)/2609.jpg,1,Papaya
Papaya (carica papaya)/261.jpg,1,Papaya
Papaya (carica papaya)/2610.jpg,1,Papaya
Papaya (carica papaya)/2611.jpg,1,Papaya
Papaya (carica papaya)/2612.jpg,1,Papaya
Papaya (carica papaya)/2613.jpg,1,Papaya
Papaya (carica papaya)/2614.jpg,1,Papaya
Papaya (carica papaya)/2615.jpg,1,Papaya
Papaya (carica papaya)/2616.jpg,1,Papaya
Papaya (carica papaya)/2617.jpg,1,Papaya
Papaya (carica papaya)/2618.jpg,1,Papaya
Papaya (carica papaya)/2619.jpg,1,Papaya
Papaya (carica papaya)/262.jpg,1,Papaya
Papaya (carica papaya)/2620.jpg,1,Papaya
Papaya (carica papaya)/2621.jpg,1,Papaya
Papaya (carica papaya)/2622.jpg,1,Papaya
Papaya (carica papaya)/2623.jpg,1,Papaya
Papaya (carica papaya)/2624.jpg,1,Papaya
Papaya (carica papaya)/2625.jpg,1,Papaya
Papaya (carica papaya)/2626.jpg,1,Papaya
Papaya (carica papaya)/2627.jpg,1,Papaya
Papaya (carica papaya)/2628.jpg,1,Papaya
Papaya (carica papaya)/2629.jpg,1,Papaya
Papaya (carica papaya)/263.jpg,1,Papaya
Papaya (carica papaya)/2630.jpg,1,Papaya
Papaya (carica papaya)/2631.jpg,1,Papaya
Papaya (carica papaya)/2632.jpg,1,Papaya
Papaya (carica papaya)/2633.jpg,1,Papaya
Papaya (carica papaya)/2634.jpg,1,Papaya
Papaya (carica papaya)/2635.jpg,1,Papaya
Papaya (carica papaya)/2636.jpg,1,Papaya
Papaya (carica papaya)/2637.jpg,1,Papaya
Papaya (carica papaya)/2638.jpg,1,Papaya
Papaya (carica papaya)/2639.jpg,1,Papaya
Papaya (carica papaya)/264.jpg,1,Papaya
Papaya (carica papaya)/2640.jpg,1,Papaya
Papaya (carica papaya)/2641.jpg,1,Papaya
Papaya (carica papaya)/2642.jpg,1,Papaya
Papaya (carica papaya)/2643.jpg,1,Papaya
Papaya (carica papaya)/2644.jpg,1,Papaya
Papaya (carica papaya)/2645.jpg,1,Papaya
Papaya (carica papaya)/2646.jpg,1,Papaya
Papaya (carica papaya)/2647.jpg,1,Papaya
Papaya (carica papaya)/2648.jpg,1,Papaya
Papaya (carica papaya)/2649.jpg,1,Papaya
Papaya (carica papaya)/265.jpg,1,Papaya
Papaya (carica papaya)/2650.jpg,1,Papaya
Papaya (carica papaya)/2651.jpg,1,Papaya
Papaya (carica papaya)/2652.jpg,1,Papaya
Papaya (carica papaya)/2653.jpg,1,Papaya
Papaya (carica papaya)/2654.jpg,1,Papaya
Papaya (carica papaya)/2655.jpg,1,Papaya
Papaya (carica papaya)/2656.jpg,1,Papaya
Papaya (carica papaya)/2657.jpg,1,Papaya
Papaya (carica papaya)/2658.jpg,1,Papaya
Papaya (carica papaya)/2659.jpg,1,Papaya
Papaya (carica papaya)/266.jpg,1,Papaya
Papaya (carica papaya)/2660.jpg,1,Papaya
Papaya (carica papaya)/2661.jpg,1,Papaya
Papaya (carica papaya)/2662.jpg,1,Papaya
Papaya (carica papaya)/2663.jpg,1,Papaya
Papaya (carica papaya)/2664.jpg,1,Papaya
Papaya (carica papaya)/2665.jpg,1,Papaya
Papaya (carica papaya)/2666.jpg,1,Papaya
Papaya (carica papaya)/2667.jpg,1,Papaya
Papaya (carica papaya)/2668.jpg,1,Papaya
Papaya (carica papaya)/2669.jpg,1,Papaya
Papaya (carica papaya)/267.jpg,1,Papaya
Papaya (carica papaya)/2670.jpg,1,Papaya
Papaya (carica papaya)/2671.jpg,1,Papaya
Papaya (carica papaya)/2672.jpg,1,Papaya
Papaya (carica papaya)/2673.jpg,1,Papaya
Papaya (carica papaya)/2674.jpg,1,Papaya
Papaya (carica papaya)/2675.jpg,1,Papaya
Papaya (carica papaya)/2676.jpg,1,Papaya
Papaya (carica papaya)/2677.jpg,1,Papaya
Papaya (carica papaya)/2678.jpg,1,Papaya
Papaya (carica papaya)/2679.jpg,1,Papaya
Papaya (carica papaya)/268.jpg,1,Papaya
Papaya (carica papaya)/2680.jpg,1,Papaya
Papaya (carica papaya)/2681.jpg,1,Papaya
Papaya (carica papaya)/2682.jpg,1,Papaya
Papaya (carica papaya)/2683.jpg,1,Papaya
Papaya (carica papaya)/2684.jpg,1,Papaya
Papaya (carica papaya)/2685.jpg,1,Papaya
Papaya (carica papaya)/2686.jpg,1,Papaya
Papaya (carica papaya)/2687.jpg,1,Papaya
Papaya (carica papaya)/2688.jpg,1,Papaya
Papaya (carica papaya)/2689.jpg,1,Papaya
Papaya (carica papaya)/269.jpg,1,Papaya
Papaya (carica papaya)/2690.jpg,1,Papaya
Papaya (carica papaya)/2691.jpg,1,Papaya
Papaya (carica papaya)/2692.jpg,1,Papaya
Papaya (carica papaya)/2693.jpg,1,Papaya
Papaya (carica papaya)/2694.jpg,1,Papaya
Papaya (carica papaya)/2695.jpg,1,Papaya
Papaya (carica papaya)/2696.jpg,1,Papaya
Papaya (carica papaya)/2697.jpg,1,Papaya
Papaya (carica papaya)/2698.jpg,1,Papaya
Papaya (carica papaya)/2699.jpg,1,Papaya
Papaya (carica papaya)/27.jpg,1,Papaya
Papaya (carica papaya)/270.jpg,1,Papaya
Papaya (carica papaya)/2700.jpg,1,Papaya
Papaya (carica papaya)/2701.jpg,1,Papaya
Papaya (carica papaya)/2702.jpg,1,Papaya
Papaya (carica papaya)/2703.jpg,1,Papaya
Papaya (carica papaya)/2704.jpg,1,Papaya
Papaya (carica papaya)/2705.jpg,1,Papaya
Papaya (carica papaya)/2706.jpg,1,Papaya
Papaya (carica papaya)/2707.jpg,1,Papaya
Papaya (carica papaya)/2708.jpg,1,Papaya
Papaya (carica papaya)/2709.jpg,1,Papaya
Papaya (carica papaya)/271.jpg,1,Papaya
Papaya (carica papaya)/2710.jpg,1,Papaya
Papaya (carica papaya)/2711.jpg,1,Papaya
Papaya (carica papaya)/2712.jpg,1,Papaya
Papaya (carica papaya)/2713.jpg,1,Papaya
Papaya (carica papaya)/2714.jpg,1,Papaya
Papaya (carica papaya)/2715.jpg,1,Papaya
Papaya (carica papaya)/2716.jpg,1,Papaya
Papaya (carica papaya)/2717.jpg,1,Papaya
Papaya (carica papaya)/2718.jpg,1,Papaya
Papaya (carica papaya)/2719.jpg,1,Papaya
Papaya (carica papaya)/272.jpg,1,Papaya
Papaya (carica papaya)/2720.jpg,1,Papaya
Papaya (carica papaya)/2721.jpg,1,Papaya
Papaya (carica papaya)/2722.jpg,1,Papaya
Papaya (carica papaya)/2723.jpg,1,Papaya
Papaya (carica papaya)/2724.jpg,1,Papaya
Papaya (carica papaya)/2725.jpg,1,Papaya
Papaya (carica papaya)/2726.jpg,1,Papaya
Papaya (carica papaya)/2727.jpg,1,Papaya
Papaya (carica papaya)/2728.jpg,1,Papaya
Papaya (carica papaya)/2729.jpg,1,Papaya
Papaya (carica papaya)/273.jpg,1,Papaya
Papaya (carica papaya)/2730.jpg,1,Papaya
Papaya (carica papaya)/2731.jpg,1,Papaya
Papaya (carica papaya)/2732.jpg,1,Papaya
Papaya (carica papaya)/2733.jpg,1,Papaya
Papaya (carica papaya)/2734.jpg,1,Papaya
Papaya (carica papaya)/2735.jpg,1,Papaya
Papaya (carica papaya)/2736.jpg,1,Papaya
Papaya (carica papaya)/2737.jpg,1,Papaya
Papaya (carica papaya)/2738.jpg,1,Papaya
Papaya (carica papaya)/2739.jpg,1,Papaya
Papaya (carica papaya)/274.jpg,1,Papaya
Papaya (carica papaya)/2740.jpg,1,Papaya
Papaya (carica papaya)/2741.jpg,1,Papaya
Papaya (carica papaya)/2742.jpg,1,Papaya
Papaya (carica papaya)/2743.jpg,1,Papaya
Papaya (carica papaya)/2744.jpg,1,Papaya
Papaya (carica papaya)/2745.jpg,1,Papaya
Papaya (carica papaya)/2746.jpg,1,Papaya
Papaya (carica papaya)/2747.jpg,1,Papaya
Papaya (carica papaya)/2748.jpg,1,Papaya
Papaya (carica papaya)/2749.jpg,1,Papaya
Papaya (carica papaya)/275.jpg,1,Papaya
Papaya (carica papaya)/2750.jpg,1,Papaya
Papaya (carica papaya)/2751.jpg,1,Papaya
Papaya (carica papaya)/2752.jpg,1,Papaya
Papaya (carica papaya)/2753.jpg,1,Papaya
Papaya (carica papaya)/2754.jpg,1,Papaya
Papaya (carica papaya)/2755.jpg,1,Papaya
Papaya (carica papaya)/2756.jpg,1,Papaya
Papaya (carica papaya)/2757.jpg,1,Papaya
Papaya (carica papaya)/2758.jpg,1,Papaya
Papaya (carica papaya)/2759.jpg,1,Papaya
Papaya (carica papaya)/276.jpg,1,Papaya
Papaya (carica papaya)/2760.jpg,1,Papaya
Papaya (carica papaya)/2761.jpg,1,Papaya
Papaya (carica papaya)/2762.jpg,1,Papaya
Papaya (carica papaya)/2763.jpg,1,Papaya
Papaya (carica papaya)/2764.jpg,1,Papaya
Papaya (carica papaya)/2765.jpg,1,Papaya
Papaya (carica papaya)/2766.jpg,1,Papaya
Papaya (carica papaya)/2767.jpg,1,Papaya
Papaya (carica papaya)/2768.jpg,1,Papaya
Papaya (carica papaya)/2769.jpg,1,Papaya
Papaya (carica papaya)/277.jpg,1,Papaya
Papaya (carica papaya)/2770.jpg,1,Papaya
Papaya (carica papaya)/2771.jpg,1,Papaya
Papaya (carica papaya)/2772.jpg,1,Papaya
Papaya (carica papaya)/2773.jpg,1,Papaya
Papaya (carica papaya)/2774.jpg,1,Papaya
Papaya (carica papaya)/2775.jpg,1,Papaya
Papaya (carica papaya)/2776.jpg,1,Papaya
Papaya (carica papaya)/2777.jpg,1,Papaya
Papaya (carica papaya)/2778.jpg,1,Papaya
Papaya (carica papaya)/2779.jpg,1,Papaya
Papaya (carica papaya)/278.jpg,1,Papaya
Papaya (carica papaya)/2780.jpg,1,Papaya
Papaya (carica papaya)/2781.jpg,1,Papaya
Papaya (carica papaya)/2782.jpg,1,Papaya
Papaya (carica papaya)/2783.jpg,1,Papaya
Papaya (carica papaya)/2784.jpg,1,Papaya
Papaya (carica papaya)/2785.jpg,1,Papaya
Papaya (carica papaya)/2786.jpg,1,Papaya
Papaya (carica papaya)/2787.jpg,1,Papaya
Papaya (carica papaya)/2788.jpg,1,Papaya
Papaya (carica papaya)/2789.jpg,1,Papaya
Papaya (carica papaya)/279.jpg,1,Papaya
Papaya (carica papaya)/2790.jpg,1,Papaya
Papaya (carica papaya)/2791.jpg,1,Papaya
Papaya (carica papaya)/2792.jpg,1,Papaya
Papaya (carica papaya)/2793.jpg,1,Papaya
Papaya (carica papaya)/2794.jpg,1,Papaya
Papaya (carica papaya)/2795.jpg,1,Papaya
Papaya (carica papaya)/2796.jpg,1,Papaya
Papaya (carica papaya)/2797.jpg,1,Papaya
Papaya (carica papaya)/2798.jpg,1,Papaya
Papaya (carica papaya)/2799.jpg,1,Papaya
Papaya (carica papaya)/28.jpg,1,Papaya
Papaya (carica papaya)/280.jpg,1,Papaya
Papaya (carica papaya)/2800.jpg,1,Papaya
Papaya (carica papaya)/2801.jpg,1,Papaya
Papaya (carica papaya)/2802.jpg,1,Papaya
Papaya (carica papaya)/2803.jpg,1,Papaya
Papaya (carica papaya)/2804.jpg,1,Papaya
Papaya (carica papaya)/2805.jpg,1,Papaya
Papaya (carica papaya)/2806.jpg,1,Papaya
Papaya (carica papaya)/2807.jpg,1,Papaya
Papaya (carica papaya)/2808.jpg,1,Papaya
Papaya (carica papaya)/2809.jpg,1,Papaya
Papaya (carica papaya)/281.jpg,1,Papaya
Papaya (carica papaya)/2810.jpg,1,Papaya
Papaya (carica papaya)/2811.jpg,1,Papaya
Papaya (carica papaya)/2812.jpg,1,Papaya
Papaya (carica papaya)/2813.jpg,1,Papaya
Papaya (carica papaya)/2814.jpg,1,Papaya
Papaya (carica papaya)/2815.jpg,1,Papaya
Papaya (carica papaya)/2816.jpg,1,Papaya
Papaya (carica papaya)/2817.jpg,1,Papaya
Papaya (carica papaya)/2818.jpg,1,Papaya
Papaya (carica papaya)/2819.jpg,1,Papaya
Papaya (carica papaya)/282.jpg,1,Papaya
Papaya (carica papaya)/2820.jpg,1,Papaya
Papaya (carica papaya)/2821.jpg,1,Papaya
Papaya (carica papaya)/2822.jpg,1,Papaya
Papaya (carica papaya)/2823.jpg,1,Papaya
Papaya (carica papaya)/2824.jpg,1,Papaya
Papaya (carica papaya)/2825.jpg,1,Papaya
Papaya (carica papaya)/2826.jpg,1,Papaya
Papaya (carica papaya)/2827.jpg,1,Papaya
Papaya (carica papaya)/2828.jpg,1,Papaya
Papaya (carica papaya)/2829.jpg,1,Papaya
Papaya (carica papaya)/283.jpg,1,Papaya
Papaya (carica papaya)/2830.jpg,1,Papaya
Papaya (carica papaya)/2831.jpg,1,Papaya
Papaya (carica papaya)/2832.jpg,1,Papaya
Papaya (carica papaya)/2833.jpg,1,Papaya
Papaya (carica papaya)/2834.jpg,1,Papaya
Papaya (carica papaya)/2835.jpg,1,Papaya
Papaya (carica papaya)/2836.jpg,1,Papaya
Papaya (carica papaya)/2837.jpg,1,Papaya
Papaya (carica papaya)/2838.jpg,1,Papaya
Papaya (carica papaya)/2839.jpg,1,Papaya
Papaya (carica papaya)/284.jpg,1,Papaya
Papaya (carica papaya)/2840.jpg,1,Papaya
Papaya (carica papaya)/2841.jpg,1,Papaya
Papaya (carica papaya)/2842.jpg,1,Papaya
Papaya (carica papaya)/2843.jpg,1,Papaya
Papaya (carica papaya)/2844.jpg,1,Papaya
Papaya (carica papaya)/2845.jpg,1,Papaya
Papaya (carica papaya)/2846.jpg,1,Papaya
Papaya (carica papaya)/2847.jpg,1,Papaya
Papaya (carica papaya)/2848.jpg,1,Papaya
Papaya (carica papaya)/2849.jpg,1,Papaya
Papaya (carica papaya)/285.jpg,1,Papaya
Papaya (carica papaya)/2850.jpg,1,Papaya
Papaya (carica papaya)/2851.jpg,1,Papaya
Papaya (carica papaya)/2852.jpg,1,Papaya
Papaya (carica papaya)/2853.jpg,1,Papaya
Papaya (carica papaya)/2854.jpg,1,Papaya
Papaya (carica papaya)/2855.jpg,1,Papaya
Papaya (carica papaya)/2856.jpg,1,Papaya
Papaya (carica papaya)/2857.jpg,1,Papaya
Papaya (carica papaya)/2858.jpg,1,Papaya
Papaya (carica papaya)/2859.jpg,1,Papaya
Papaya (carica papaya)/286.jpg,1,Papaya
Papaya (carica papaya)/2860.jpg,1,Papaya
Papaya (carica papaya)/2861.jpg,1,Papaya
Papaya (carica papaya)/2862.jpg,1,Papaya
Papaya (carica papaya)/2863.jpg,1,Papaya
Papaya (carica papaya)/2864.jpg,1,Papaya
Papaya (carica papaya)/2865.jpg,1,Papaya
Papaya (carica papaya)/2866.jpg,1,Papaya
Papaya (carica papaya)/2867.jpg,1,Papaya
Papaya (carica papaya)/2868.jpg,1,Papaya
Papaya (carica papaya)/2869.jpg,1,Papaya
Papaya (carica papaya)/287.jpg,1,Papaya
Papaya (carica papaya)/2870.jpg,1,Papaya
Papaya (carica papaya)/2871.jpg,1,Papaya
Papaya (carica papaya)/288.jpg,1,Papaya
Papaya (carica papaya)/289.jpg,1,Papaya
Papaya (carica papaya)/29.jpg,1,Papaya
Papaya (carica papaya)/290.jpg,1,Papaya
Papaya (carica papaya)/291.jpg,1,Papaya
Papaya (carica papaya)/292.jpg,1,Papaya
Papaya (carica papaya)/293.jpg,1,Papaya
Papaya (carica papaya)/294.jpg,1,Papaya
Papaya (carica papaya)/295.jpg,1,Papaya
Papaya (carica papaya)/296.jpg,1,Papaya
Papaya (carica papaya)/297.jpg,1,Papaya
Papaya (carica papaya)/298.jpg,1,Papaya
Papaya (carica papaya)/299.jpg,1,Papaya
Papaya (carica papaya)/3.jpg,1,Papaya
Papaya (carica papaya)/30.jpg,1,Papaya
Papaya (carica papaya)/300.jpg,1,Papaya
Papaya (carica papaya)/301.jpg,1,Papaya
Papaya (carica papaya)/302.jpg,1,Papaya
Papaya (carica papaya)/303.jpg,1,Papaya
Papaya (carica papaya)/304.jpg,1,Papaya
Papaya (carica papaya)/305.jpg,1,Papaya
Papaya (carica papaya)/306.jpg,1,Papaya
Papaya (carica papaya)/307.jpg,1,Papaya
Papaya (carica papaya)/308.jpg,1,Papaya
Papaya (carica papaya)/309.jpg,1,Papaya
Papaya (carica papaya)/31.jpg,1,Papaya
Papaya (carica papaya)/310.jpg,1,Papaya
Papaya (carica papaya)/311.jpg,1,Papaya
Papaya (carica papaya)/312.jpg,1,Papaya
Papaya (carica papaya)/313.jpg,1,Papaya
Papaya (carica papaya)/314.jpg,1,Papaya
Papaya (carica papaya)/315.jpg,1,Papaya
Papaya (carica papaya)/316.jpg,1,Papaya
Papaya (carica papaya)/317.jpg,1,Papaya
Papaya (carica papaya)/318.jpg,1,Papaya
Papaya (carica papaya)/319.jpg,1,Papaya
Papaya (carica papaya)/32.jpg,1,Papaya
Papaya (carica papaya)/320.jpg,1,Papaya
Papaya (carica papaya)/321.jpg,1,Papaya
Papaya (carica papaya)/322.jpg,1,Papaya
Papaya (carica papaya)/323.jpg,1,Papaya
Papaya (carica papaya)/324.jpg,1,Papaya
Papaya (carica papaya)/325.jpg,1,Papaya
Papaya (carica papaya)/326.jpg,1,Papaya
Papaya (carica papaya)/327.jpg,1,Papaya
Papaya (carica papaya)/328.jpg,1,Papaya
Papaya (carica papaya)/329.jpg,1,Papaya
Papaya (carica papaya)/33.jpg,1,Papaya
Papaya (carica papaya)/330.jpg,1,Papaya
Papaya (carica papaya)/331.jpg,1,Papaya
Papaya (carica papaya)/332.jpg,1,Papaya
Papaya (carica papaya)/333.jpg,1,Papaya
Papaya (carica papaya)/334.jpg,1,Papaya
Papaya (carica papaya)/335.jpg,1,Papaya
Papaya (carica papaya)/336.jpg,1,Papaya
Papaya (carica papaya)/337.jpg,1,Papaya
Papaya (carica papaya)/338.jpg,1,Papaya
Papaya (carica papaya)/339.jpg,1,Papaya
Papaya (carica papaya)/34.jpg,1,Papaya
Papaya (carica papaya)/340.jpg,1,Papaya
Papaya (carica papaya)/341.jpg,1,Papaya
Papaya (carica papaya)/342.jpg,1,Papaya
Papaya (carica papaya)/343.jpg,1,Papaya
Papaya (carica papaya)/344.jpg,1,Papaya
Papaya (carica papaya)/345.jpg,1,Papaya
Papaya (carica papaya)/346.jpg,1,Papaya
Papaya (carica papaya)/347.jpg,1,Papaya
Papaya (carica papaya)/348.jpg,1,Papaya
Papaya (carica papaya)/349.jpg,1,Papaya
Papaya (carica papaya)/35.jpg,1,Papaya
Papaya (carica papaya)/350.jpg,1,Papaya
Papaya (carica papaya)/351.jpg,1,Papaya
Papaya (carica papaya)/352.jpg,1,Papaya
Papaya (carica papaya)/353.jpg,1,Papaya
Papaya (carica papaya)/354.jpg,1,Papaya
Papaya (carica papaya)/355.jpg,1,Papaya
Papaya (carica papaya)/356.jpg,1,Papaya
Papaya (carica papaya)/357.jpg,1,Papaya
Papaya (carica papaya)/358.jpg,1,Papaya
Papaya (carica papaya)/359.jpg,1,Papaya
Papaya (carica papaya)/36.jpg,1,Papaya
Papaya (carica papaya)/360.jpg,1,Papaya
Papaya (carica papaya)/361.jpg,1,Papaya
Papaya (carica papaya)/362.jpg,1,Papaya
Papaya (carica papaya)/363.jpg,1,Papaya
Papaya (carica papaya)/364.jpg,1,Papaya
Papaya (carica papaya)/365.jpg,1,Papaya
Papaya (carica papaya)/366.jpg,1,Papaya
Papaya (carica papaya)/367.jpg,1,Papaya
Papaya (carica papaya)/368.jpg,1,Papaya
Papaya (carica papaya)/369.jpg,1,Papaya
Papaya (carica papaya)/37.jpg,1,Papaya
Papaya (carica papaya)/370.jpg,1,Papaya
Papaya (carica papaya)/371.jpg,1,Papaya
Papaya (carica papaya)/372.jpg,1,Papaya
Papaya (carica papaya)/373.jpg,1,Papaya
Papaya (carica papaya)/374.jpg,1,Papaya
Papaya (carica papaya)/375.jpg,1,Papaya
Papaya (carica papaya)/376.jpg,1,Papaya
Papaya (carica papaya)/377.jpg,1,Papaya
Papaya (carica papaya)/378.jpg,1,Papaya
Papaya (carica papaya)/379.jpg,1,Papaya
Papaya (carica papaya)/38.jpg,1,Papaya
Papaya (carica papaya)/380.jpg,1,Papaya
Papaya (carica papaya)/381.jpg,1,Papaya
Papaya (carica papaya)/382.jpg,1,Papaya
Papaya (carica papaya)/383.jpg,1,Papaya
Papaya (carica papaya)/384.jpg,1,Papaya
Papaya (carica papaya)/385.jpg,1,Papaya
Papaya (carica papaya)/386.jpg,1,Papaya
Papaya (carica papaya)/387.jpg,1,Papaya
Papaya (carica papaya)/388.jpg,1,Papaya
Papaya (carica papaya)/389.jpg,1,Papaya
Papaya (carica papaya)/39.jpg,1,Papaya
Papaya (carica papaya)/390.jpg,1,Papaya
Papaya (carica papaya)/391.jpg,1,Papaya
Papaya (carica papaya)/392.jpg,1,Papaya
Papaya (carica papaya)/393.jpg,1,Papaya
Papaya (carica papaya)/394.jpg,1,Papaya
Papaya (carica papaya)/395.jpg,1,Papaya
Papaya (carica papaya)/396.jpg,1,Papaya
Papaya (carica papaya)/397.jpg,1,Papaya
Papaya (carica papaya)/398.jpg,1,Papaya
Papaya (carica papaya)/399.jpg,1,Papaya
Papaya (carica papaya)/4.jpg,1,Papaya
Papaya (carica papaya)/40.jpg,1,Papaya
Papaya (carica papaya)/400.jpg,1,Papaya
Papaya (carica papaya)/401.jpg,1,Papaya
Papaya (carica papaya)/402.jpg,1,Papaya
Papaya (carica papaya)/403.jpg,1,Papaya
Papaya (carica papaya)/404.jpg,1,Papaya
Papaya (carica papaya)/405.jpg,1,Papaya
Papaya (carica papaya)/406.jpg,1,Papaya
Papaya (carica papaya)/407.jpg,1,Papaya
Papaya (carica papaya)/408.jpg,1,Papaya
Papaya (carica papaya)/409.jpg,1,Papaya
Papaya (carica papaya)/41.jpg,1,Papaya
Papaya (carica papaya)/410.jpg,1,Papaya
Papaya (carica papaya)/411.jpg,1,Papaya
Papaya (carica papaya)/412.jpg,1,Papaya
Papaya (carica papaya)/413.jpg,1,Papaya
Papaya (carica papaya)/414.jpg,1,Papaya
Papaya (carica papaya)/415.jpg,1,Papaya
Papaya (carica papaya)/416.jpg,1,Papaya
Papaya (carica papaya)/417.jpg,1,Papaya
Papaya (carica papaya)/418.jpg,1,Papaya
Papaya (carica papaya)/419.jpg,1,Papaya
Papaya (carica papaya)/42.jpg,1,Papaya
Papaya (carica papaya)/420.jpg,1,Papaya
Papaya (carica papaya)/421.jpg,1,Papaya
Papaya (carica papaya)/422.jpg,1,Papaya
Papaya (carica papaya)/423.jpg,1,Papaya
Papaya (carica papaya)/424.jpg,1,Papaya
Papaya (carica papaya)/425.jpg,1,Papaya
Papaya (carica papaya)/426.jpg,1,Papaya
Papaya (carica papaya)/427.jpg,1,Papaya
Papaya (carica papaya)/428.jpg,1,Papaya
Papaya (carica papaya)/429.jpg,1,Papaya
Papaya (carica papaya)/43.jpg,1,Papaya
Papaya (carica papaya)/430.jpg,1,Papaya
Papaya (carica papaya)/431.jpg,1,Papaya
Papaya (carica papaya)/432.jpg,1,Papaya
Papaya (carica papaya)/433.jpg,1,Papaya
Papaya (carica papaya)/434.jpg,1,Papaya
Papaya (carica papaya)/435.jpg,1,Papaya
Papaya (carica papaya)/436.jpg,1,Papaya
Papaya (carica papaya)/437.jpg,1,Papaya
Papaya (carica papaya)/438.jpg,1,Papaya
Papaya (carica papaya)/439.jpg,1,Papaya
Papaya (carica papaya)/44.jpg,1,Papaya
Papaya (carica papaya)/440.jpg,1,Papaya
Papaya (carica papaya)/441.jpg,1,Papaya
Papaya (carica papaya)/442.jpg,1,Papaya
Papaya (carica papaya)/443.jpg,1,Papaya
Papaya (carica papaya)/444.jpg,1,Papaya
Papaya (carica papaya)/445.jpg,1,Papaya
Papaya (carica papaya)/446.jpg,1,Papaya
Papaya (carica papaya)/447.jpg,1,Papaya
Papaya (carica papaya)/448.jpg,1,Papaya
Papaya (carica papaya)/449.jpg,1,Papaya
Papaya (carica papaya)/45.jpg,1,Papaya
Papaya (carica papaya)/450.jpg,1,Papaya
Papaya (carica papaya)/451.jpg,1,Papaya
Papaya (carica papaya)/452.jpg,1,Papaya
Papaya (carica papaya)/453.jpg,1,Papaya
Papaya (carica papaya)/454.jpg,1,Papaya
Papaya (carica papaya)/455.jpg,1,Papaya
Papaya (carica papaya)/456.jpg,1,Papaya
Papaya (carica papaya)/457.jpg,1,Papaya
Papaya (carica papaya)/458.jpg,1,Papaya
Papaya (carica papaya)/459.jpg,1,Papaya
Papaya (carica papaya)/46.jpg,1,Papaya
Papaya (carica papaya)/460.jpg,1,Papaya
Papaya (carica papaya)/461.jpg,1,Papaya
Papaya (carica papaya)/462.jpg,1,Papaya
Papaya (carica papaya)/463.jpg,1,Papaya
Papaya (carica papaya)/464.jpg,1,Papaya
Papaya (carica papaya)/465.jpg,1,Papaya
Papaya (carica papaya)/466.jpg,1,Papaya
Papaya (carica papaya)/467.jpg,1,Papaya
Papaya (carica papaya)/468.jpg,1,Papaya
Papaya (carica papaya)/469.jpg,1,Papaya
Papaya (carica papaya)/47.jpg,1,Papaya
Papaya (carica papaya)/470.jpg,1,Papaya
Papaya (carica papaya)/471.jpg,1,Papaya
Papaya (carica papaya)/472.jpg,1,Papaya
Papaya (carica papaya)/473.jpg,1,Papaya
Papaya (carica papaya)/474.jpg,1,Papaya
Papaya (carica papaya)/475.jpg,1,Papaya
Papaya (carica papaya)/476.jpg,1,Papaya
Papaya (carica papaya)/477.jpg,1,Papaya
Papaya (carica papaya)/478.jpg,1,Papaya
Papaya (carica papaya)/479.jpg,1,Papaya
Papaya (carica papaya)/48.jpg,1,Papaya
Papaya (carica papaya)/480.jpg,1,Papaya
Papaya (carica papaya)/481.jpg,1,Papaya
Papaya (carica papaya)/482.jpg,1,Papaya
Papaya (carica papaya)/483.jpg,1,Papaya
Papaya (carica papaya)/484.jpg,1,Papaya
Papaya (carica papaya)/485.jpg,1,Papaya
Papaya (carica papaya)/486.jpg,1,Papaya
Papaya (carica papaya)/487.jpg,1,Papaya
Papaya (carica papaya)/488.jpg,1,Papaya
Papaya (carica papaya)/489.jpg,1,Papaya
Papaya (carica papaya)/49.jpg,1,Papaya
Papaya (carica papaya)/490.jpg,1,Papaya
Papaya (carica papaya)/491.jpg,1,Papaya
Papaya (carica papaya)/492.jpg,1,Papaya
Papaya (carica papaya)/493.jpg,1,Papaya
Papaya (carica papaya)/494.jpg,1,Papaya
Papaya (carica papaya)/495.jpg,1,Papaya
Papaya (carica papaya)/496.jpg,1,Papaya
Papaya (carica papaya)/497.jpg,1,Papaya
Papaya (carica papaya)/498.jpg,1,Papaya
Papaya (carica papaya)/499.jpg,1,Papaya
Papaya (carica papaya)/5.jpg,1,Papaya
Papaya (carica papaya)/50.jpg,1,Papaya
Papaya (carica papaya)/500.jpg,1,Papaya
Papaya (carica papaya)/501.jpg,1,Papaya
Papaya (carica papaya)/502.jpg,1,Papaya
Papaya (carica papaya)/503.jpg,1,Papaya
Papaya (carica papaya)/504.jpg,1,Papaya
Papaya (carica papaya)/505.jpg,1,Papaya
Papaya (carica papaya)/506.jpg,1,Papaya
Papaya (carica papaya)/507.jpg,1,Papaya
Papaya (carica papaya)/508.jpg,1,Papaya
Papaya (carica papaya)/509.jpg,1,Papaya
Papaya (carica papaya)/51.jpg,1,Papaya
Papaya (carica papaya)/510.jpg,1,Papaya
Papaya (carica papaya)/511.jpg,1,Papaya
Papaya (carica papaya)/512.jpg,1,Papaya
Papaya (carica papaya)/513.jpg,1,Papaya
Papaya (carica papaya)/514.jpg,1,Papaya
Papaya (carica papaya)/515.jpg,1,Papaya
Papaya (carica papaya)/516.jpg,1,Papaya
Papaya (carica papaya)/517.jpg,1,Papaya
Papaya (carica papaya)/518.jpg,1,Papaya
Papaya (carica papaya)/519.jpg,1,Papaya
Papaya (carica papaya)/52.jpg,1,Papaya
Papaya (carica papaya)/520.jpg,1,Papaya
Papaya (carica papaya)/521.jpg,1,Papaya
Papaya (carica papaya)/522.jpg,1,Papaya
Papaya (carica papaya)/523.jpg,1,Papaya
Papaya (carica papaya)/524.jpg,1,Papaya
Papaya (carica papaya)/525.jpg,1,Papaya
Papaya (carica papaya)/526.jpg,1,Papaya
Papaya (carica papaya)/527.jpg,1,Papaya
Papaya (carica papaya)/528.jpg,1,Papaya
Papaya (carica papaya)/529.jpg,1,Papaya
Papaya (carica papaya)/53.jpg,1,Papaya
Papaya (carica papaya)/530.jpg,1,Papaya
Papaya (carica papaya)/531.jpg,1,Papaya
Papaya (carica papaya)/532.jpg,1,Papaya
Papaya (carica papaya)/533.jpg,1,Papaya
Papaya (carica papaya)/534.jpg,1,Papaya
Papaya (carica papaya)/535.jpg,1,Papaya
Papaya (carica papaya)/536.jpg,1,Papaya
Papaya (carica papaya)/537.jpg,1,Papaya
Papaya (carica papaya)/538.jpg,1,Papaya
Papaya (carica papaya)/539.jpg,1,Papaya
Papaya (carica papaya)/54.jpg,1,Papaya
Papaya (carica papaya)/540.jpg,1,Papaya
Papaya (carica papaya)/541.jpg,1,Papaya
Papaya (carica papaya)/542.jpg,1,Papaya
Papaya (carica papaya)/543.jpg,1,Papaya
Papaya (carica papaya)/544.jpg,1,Papaya
Papaya (carica papaya)/545.jpg,1,Papaya
Papaya (carica papaya)/546.jpg,1,Papaya
Papaya (carica papaya)/547.jpg,1,Papaya
Papaya (carica papaya)/548.jpg,1,Papaya
Papaya (carica papaya)/549.jpg,1,Papaya
Papaya (carica papaya)/55.jpg,1,Papaya
Papaya (carica papaya)/550.jpg,1,Papaya
Papaya (carica papaya)/551.jpg,1,Papaya
Papaya (carica papaya)/552.jpg,1,Papaya
Papaya (carica papaya)/553.jpg,1,Papaya
Papaya (carica papaya)/554.jpg,1,Papaya
Papaya (carica papaya)/555.jpg,1,Papaya
Papaya (carica papaya)/556.jpg,1,Papaya
Papaya (carica papaya)/557.jpg,1,Papaya
Papaya (carica papaya)/558.jpg,1,Papaya
Papaya (carica papaya)/559.jpg,1,Papaya
Papaya (carica papaya)/56.jpg,1,Papaya
Papaya (carica papaya)/560.jpg,1,Papaya
Papaya (carica papaya)/561.jpg,1,Papaya
Papaya (carica papaya)/562.jpg,1,Papaya
Papaya (carica papaya)/563.jpg,1,Papaya
Papaya (carica papaya)/564.jpg,1,Papaya
Papaya (carica papaya)/565.jpg,1,Papaya
Papaya (carica papaya)/566.jpg,1,Papaya
Papaya (carica papaya)/567.jpg,1,Papaya
Papaya (carica papaya)/568.jpg,1,Papaya
Papaya (carica papaya)/569.jpg,1,Papaya
Papaya (carica papaya)/57.jpg,1,Papaya
Papaya (carica papaya)/570.jpg,1,Papaya
Papaya (carica papaya)/571.jpg,1,Papaya
Papaya (carica papaya)/572.jpg,1,Papaya
Papaya (carica papaya)/573.jpg,1,Papaya
Papaya (carica papaya)/574.jpg,1,Papaya
Papaya (carica papaya)/575.jpg,1,Papaya
Papaya (carica papaya)/576.jpg,1,Papaya
Papaya (carica papaya)/577.jpg,1,Papaya
Papaya (carica papaya)/578.jpg,1,Papaya
Papaya (carica papaya)/579.jpg,1,Papaya
Papaya (carica papaya)/58.jpg,1,Papaya
Papaya (carica papaya)/580.jpg,1,Papaya
Papaya (carica papaya)/581.jpg,1,Papaya
Papaya (carica papaya)/582.jpg,1,Papaya
Papaya (carica papaya)/583.jpg,1,Papaya
Papaya (carica papaya)/584.jpg,1,Papaya
Papaya (carica papaya)/585.jpg,1,Papaya
Papaya (carica papaya)/586.jpg,1,Papaya
Papaya (carica papaya)/587.jpg,1,Papaya
Papaya (carica papaya)/588.jpg,1,Papaya
Papaya (carica papaya)/589.jpg,1,Papaya
Papaya (carica papaya)/59.jpg,1,Papaya
Papaya (carica papaya)/590.jpg,1,Papaya
Papaya (carica papaya)/591.jpg,1,Papaya
Papaya (carica papaya)/592.jpg,1,Papaya
Papaya (carica papaya)/593.jpg,1,Papaya
Papaya (carica papaya)/594.jpg,1,Papaya
Papaya (carica papaya)/595.jpg,1,Papaya
Papaya (carica papaya)/596.jpg,1,Papaya
Papaya (carica papaya)/597.jpg,1,Papaya
Papaya (carica papaya)/598.jpg,1,Papaya
Papaya (carica papaya)/599.jpg,1,Papaya
Papaya (carica papaya)/6.jpg,1,Papaya
Papaya (carica papaya)/60.jpg,1,Papaya
Papaya (carica papaya)/600.jpg,1,Papaya
Papaya (carica papaya)/601.jpg,1,Papaya
Papaya (carica papaya)/602.jpg,1,Papaya
Papaya (carica papaya)/603.jpg,1,Papaya
Papaya (carica papaya)/604.jpg,1,Papaya
Papaya (carica papaya)/605.jpg,1,Papaya
Papaya (carica papaya)/606.jpg,1,Papaya
Papaya (carica papaya)/607.jpg,1,Papaya
Papaya (carica papaya)/608.jpg,1,Papaya
Papaya (carica papaya)/609.jpg,1,Papaya
Papaya (carica papaya)/61.jpg,1,Papaya
Papaya (carica papaya)/610.jpg,1,Papaya
Papaya (carica papaya)/611.jpg,1,Papaya
Papaya (carica papaya)/612.jpg,1,Papaya
Papaya (carica papaya)/613.jpg,1,Papaya
Papaya (carica papaya)/614.jpg,1,Papaya
Papaya (carica papaya)/615.jpg,1,Papaya
Papaya (carica papaya)/616.jpg,1,Papaya
Papaya (carica papaya)/617.jpg,1,Papaya
Papaya (carica papaya)/618.jpg,1,Papaya
Papaya (carica papaya)/619.jpg,1,Papaya
Papaya (carica papaya)/62.jpg,1,Papaya
Papaya (carica papaya)/620.jpg,1,Papaya
Papaya (carica papaya)/621.jpg,1,Papaya
Papaya (carica papaya)/622.jpg,1,Papaya
Papaya (carica papaya)/623.jpg,1,Papaya
Papaya (carica papaya)/624.jpg,1,Papaya
Papaya (carica papaya)/625.jpg,1,Papaya
Papaya (carica papaya)/626.jpg,1,Papaya
Papaya (carica papaya)/627.jpg,1,Papaya
Papaya (carica papaya)/628.jpg,1,Papaya
Papaya (carica papaya)/629.jpg,1,Papaya
Papaya (carica papaya)/63.jpg,1,Papaya
Papaya (carica papaya)/630.jpg,1,Papaya
Papaya (carica papaya)/631.jpg,1,Papaya
Papaya (carica papaya)/632.jpg,1,Papaya
Papaya (carica papaya)/633.jpg,1,Papaya
Papaya (carica papaya)/634.jpg,1,Papaya
Papaya (carica papaya)/635.jpg,1,Papaya
Papaya (carica papaya)/636.jpg,1,Papaya
Papaya (carica papaya)/637.jpg,1,Papaya
Papaya (carica papaya)/638.jpg,1,Papaya
Papaya (carica papaya)/639.jpg,1,Papaya
Papaya (carica papaya)/64.jpg,1,Papaya
Papaya (carica papaya)/640.jpg,1,Papaya
Papaya (carica papaya)/641.jpg,1,Papaya
Papaya (carica papaya)/642.jpg,1,Papaya
Papaya (carica papaya)/643.jpg,1,Papaya
Papaya (carica papaya)/644.jpg,1,Papaya
Papaya (carica papaya)/645.jpg,1,Papaya
Papaya (carica papaya)/646.jpg,1,Papaya
Papaya (carica papaya)/647.jpg,1,Papaya
Papaya (carica papaya)/648.jpg,1,Papaya
Papaya (carica papaya)/649.jpg,1,Papaya
Papaya (carica papaya)/65.jpg,1,Papaya
Papaya (carica papaya)/650.jpg,1,Papaya
Papaya (carica papaya)/651.jpg,1,Papaya
Papaya (carica papaya)/652.jpg,1,Papaya
Papaya (carica papaya)/653.jpg,1,Papaya
Papaya (carica papaya)/654.jpg,1,Papaya
Papaya (carica papaya)/655.jpg,1,Papaya
Papaya (carica papaya)/656.jpg,1,Papaya
Papaya (carica papaya)/657.jpg,1,Papaya
Papaya (carica papaya)/658.jpg,1,Papaya
Papaya (carica papaya)/659.jpg,1,Papaya
Papaya (carica papaya)/66.jpg,1,Papaya
Papaya (carica papaya)/660.jpg,1,Papaya
Papaya (carica papaya)/661.jpg,1,Papaya
Papaya (carica papaya)/662.jpg,1,Papaya
Papaya (carica papaya)/663.jpg,1,Papaya
Papaya (carica papaya)/664.jpg,1,Papaya
Papaya (carica papaya)/665.jpg,1,Papaya
Papaya (carica papaya)/666.jpg,1,Papaya
Papaya (carica papaya)/667.jpg,1,Papaya
Papaya (carica papaya)/668.jpg,1,Papaya
Papaya (carica papaya)/669.jpg,1,Papaya
Papaya (carica papaya)/67.jpg,1,Papaya
Papaya (carica papaya)/670.jpg,1,Papaya
Papaya (carica papaya)/671.jpg,1,Papaya
Papaya (carica papaya)/672.jpg,1,Papaya
Papaya (carica papaya)/673.jpg,1,Papaya
Papaya (carica papaya)/674.jpg,1,Papaya
Papaya (carica papaya)/675.jpg,1,Papaya
Papaya (carica papaya)/676.jpg,1,Papaya
Papaya (carica papaya)/677.jpg,1,Papaya
Papaya (carica papaya)/678.jpg,1,Papaya
Papaya (carica papaya)/679.jpg,1,Papaya
Papaya (carica papaya)/68.jpg,1,Papaya
Papaya (carica papaya)/680.jpg,1,Papaya
Papaya (carica papaya)/681.jpg,1,Papaya
Papaya (carica papaya)/682.jpg,1,Papaya
Papaya (carica papaya)/683.jpg,1,Papaya
Papaya (carica papaya)/684.jpg,1,Papaya
Papaya (carica papaya)/685.jpg,1,Papaya
Papaya (carica papaya)/686.jpg,1,Papaya
Papaya (carica papaya)/687.jpg,1,Papaya
Papaya (carica papaya)/688.jpg,1,Papaya
Papaya (carica papaya)/689.jpg,1,Papaya
Papaya (carica papaya)/69.jpg,1,Papaya
Papaya (carica papaya)/690.jpg,1,Papaya
Papaya (carica papaya)/691.jpg,1,Papaya
Papaya (carica papaya)/692.jpg,1,Papaya
Papaya (carica papaya)/693.jpg,1,Papaya
Papaya (carica papaya)/694.jpg,1,Papaya
Papaya (carica papaya)/695.jpg,1,Papaya
Papaya (carica papaya)/696.jpg,1,Papaya
Papaya (carica papaya)/697.jpg,1,Papaya
Papaya (carica papaya)/698.jpg,1,Papaya
Papaya (carica papaya)/699.jpg,1,Papaya
Papaya (carica papaya)/7.jpg,1,Papaya
Papaya (carica papaya)/70.jpg,1,Papaya
Papaya (carica papaya)/700.jpg,1,Papaya
Papaya (carica papaya)/701.jpg,1,Papaya
Papaya (carica papaya)/702.jpg,1,Papaya
Papaya (carica papaya)/703.jpg,1,Papaya
Papaya (carica papaya)/704.jpg,1,Papaya
Papaya (carica papaya)/705.jpg,1,Papaya
Papaya (carica papaya)/706.jpg,1,Papaya
Papaya (carica papaya)/707.jpg,1,Papaya
Papaya (carica papaya)/708.jpg,1,Papaya
Papaya (carica papaya)/709.jpg,1,Papaya
Papaya (carica papaya)/71.jpg,1,Papaya
Papaya (carica papaya)/710.jpg,1,Papaya
Papaya (carica papaya)/711.jpg,1,Papaya
Papaya (carica papaya)/712.jpg,1,Papaya
Papaya (carica papaya)/713.jpg,1,Papaya
Papaya (carica papaya)/714.jpg,1,Papaya
Papaya (carica papaya)/715.jpg,1,Papaya
Papaya (carica papaya)/716.jpg,1,Papaya
Papaya (carica papaya)/717.jpg,1,Papaya
Papaya (carica papaya)/718.jpg,1,Papaya
Papaya (carica papaya)/719.jpg,1,Papaya
Papaya (carica papaya)/72.jpg,1,Papaya
Papaya (carica papaya)/720.jpg,1,Papaya
Papaya (carica papaya)/721.jpg,1,Papaya
Papaya (carica papaya)/722.jpg,1,Papaya
Papaya (carica papaya)/723.jpg,1,Papaya
Papaya (carica papaya)/724.jpg,1,Papaya
Papaya (carica papaya)/725.jpg,1,Papaya
Papaya (carica papaya)/726.jpg,1,Papaya
Papaya (carica papaya)/727.jpg,1,Papaya
Papaya (carica papaya)/728.jpg,1,Papaya
Papaya (carica papaya)/729.jpg,1,Papaya
Papaya (carica papaya)/73.jpg,1,Papaya
Papaya (carica papaya)/730.jpg,1,Papaya
Papaya (carica papaya)/731.jpg,1,Papaya
Papaya (carica papaya)/732.jpg,1,Papaya
Papaya (carica papaya)/733.jpg,1,Papaya
Papaya (carica papaya)/734.jpg,1,Papaya
Papaya (carica papaya)/735.jpg,1,Papaya
Papaya (carica papaya)/736.jpg,1,Papaya
Papaya (carica papaya)/737.jpg,1,Papaya
Papaya (carica papaya)/738.jpg,1,Papaya
Papaya (carica papaya)/739.jpg,1,Papaya
Papaya (carica papaya)/74.jpg,1,Papaya
Papaya (carica papaya)/740.jpg,1,Papaya
Papaya (carica papaya)/741.jpg,1,Papaya
Papaya (carica papaya)/742.jpg,1,Papaya
Papaya (carica papaya)/743.jpg,1,Papaya
Papaya (carica papaya)/744.jpg,1,Papaya
Papaya (carica papaya)/745.jpg,1,Papaya
Papaya (carica papaya)/746.jpg,1,Papaya
Papaya (carica papaya)/747.jpg,1,Papaya
Papaya (carica papaya)/748.jpg,1,Papaya
Papaya (carica papaya)/749.jpg,1,Papaya
Papaya (carica papaya)/75.jpg,1,Papaya
Papaya (carica papaya)/750.jpg,1,Papaya
Papaya (carica papaya)/751.jpg,1,Papaya
Papaya (carica papaya)/752.jpg,1,Papaya
Papaya (carica papaya)/753.jpg,1,Papaya
Papaya (carica papaya)/754.jpg,1,Papaya
Papaya (carica papaya)/755.jpg,1,Papaya
Papaya (carica papaya)/756.jpg,1,Papaya
Papaya (carica papaya)/757.jpg,1,Papaya
Papaya (carica papaya)/758.jpg,1,Papaya
Papaya (carica papaya)/759.jpg,1,Papaya
Papaya (carica papaya)/76.jpg,1,Papaya
Papaya (carica papaya)/760.jpg,1,Papaya
Papaya (carica papaya)/761.jpg,1,Papaya
Papaya (carica papaya)/762.jpg,1,Papaya
Papaya (carica papaya)/763.jpg,1,Papaya
Papaya (carica papaya)/764.jpg,1,Papaya
Papaya (carica papaya)/765.jpg,1,Papaya
Papaya (carica papaya)/766.jpg,1,Papaya
Papaya (carica papaya)/767.jpg,1,Papaya
Papaya (carica papaya)/768.jpg,1,Papaya
Papaya (carica papaya)/769.jpg,1,Papaya
Papaya (carica papaya)/77.jpg,1,Papaya
Papaya (carica papaya)/770.jpg,1,Papaya
Papaya (carica papaya)/771.jpg,1,Papaya
Papaya (carica papaya)/772.jpg,1,Papaya
Papaya (carica papaya)/773.jpg,1,Papaya
Papaya (carica papaya)/774.jpg,1,Papaya
Papaya (carica papaya)/775.jpg,1,Papaya
Papaya (carica papaya)/776.jpg,1,Papaya
Papaya (carica papaya)/777.jpg,1,Papaya
Papaya (carica papaya)/778.jpg,1,Papaya
Papaya (carica papaya)/779.jpg,1,Papaya
Papaya (carica papaya)/78.jpg,1,Papaya
Papaya (carica papaya)/780.jpg,1,Papaya
Papaya (carica papaya)/781.jpg,1,Papaya
Papaya (carica papaya)/782.jpg,1,Papaya
Papaya (carica papaya)/783.jpg,1,Papaya
Papaya (carica papaya)/784.jpg,1,Papaya
Papaya (carica papaya)/785.jpg,1,Papaya
Papaya (carica papaya)/786.jpg,1,Papaya
Papaya (carica papaya)/787.jpg,1,Papaya
Papaya (carica papaya)/788.jpg,1,Papaya
Papaya (carica papaya)/789.jpg,1,Papaya
Papaya (carica papaya)/79.jpg,1,Papaya
Papaya (carica papaya)/790.jpg,1,Papaya
Papaya (carica papaya)/791.jpg,1,Papaya
Papaya (carica papaya)/792.jpg,1,Papaya
Papaya (carica papaya)/793.jpg,1,Papaya
Papaya (carica papaya)/794.jpg,1,Papaya
Papaya (carica papaya)/795.jpg,1,Papaya
Papaya (carica papaya)/796.jpg,1,Papaya
Papaya (carica papaya)/797.jpg,1,Papaya
Papaya (carica papaya)/798.jpg,1,Papaya
Papaya (carica papaya)/799.jpg,1,Papaya
Papaya (carica papaya)/8.jpg,1,Papaya
Papaya (carica papaya)/80.jpg,1,Papaya
Papaya (carica papaya)/800.jpg,1,Papaya
Papaya (carica papaya)/801.jpg,1,Papaya
Papaya (carica papaya)/802.jpg,1,Papaya
Papaya (carica papaya)/803.jpg,1,Papaya
Papaya (carica papaya)/804.jpg,1,Papaya
Papaya (carica papaya)/805.jpg,1,Papaya
Papaya (carica papaya)/806.jpg,1,Papaya
Papaya (carica papaya)/807.jpg,1,Papaya
Papaya (carica papaya)/808.jpg,1,Papaya
Papaya (carica papaya)/809.jpg,1,Papaya
Papaya (carica papaya)/81.jpg,1,Papaya
Papaya (carica papaya)/810.jpg,1,Papaya
Papaya (carica papaya)/811.jpg,1,Papaya
Papaya (carica papaya)/812.jpg,1,Papaya
Papaya (carica papaya)/813.jpg,1,Papaya
Papaya (carica papaya)/814.jpg,1,Papaya
Papaya (carica papaya)/815.jpg,1,Papaya
Papaya (carica papaya)/816.jpg,1,Papaya
Papaya (carica papaya)/817.jpg,1,Papaya
Papaya (carica papaya)/818.jpg,1,Papaya
Papaya (carica papaya)/819.jpg,1,Papaya
Papaya (carica papaya)/82.jpg,1,Papaya
Papaya (carica papaya)/820.jpg,1,Papaya
Papaya (carica papaya)/821.jpg,1,Papaya
Papaya (carica papaya)/822.jpg,1,Papaya
Papaya (carica papaya)/823.jpg,1,Papaya
Papaya (carica papaya)/824.jpg,1,Papaya
Papaya (carica papaya)/825.jpg,1,Papaya
Papaya (carica papaya)/826.jpg,1,Papaya
Papaya (carica papaya)/827.jpg,1,Papaya
Papaya (carica papaya)/828.jpg,1,Papaya
Papaya (carica papaya)/829.jpg,1,Papaya
Papaya (carica papaya)/83.jpg,1,Papaya
Papaya (carica papaya)/830.jpg,1,Papaya
Papaya (carica papaya)/831.jpg,1,Papaya
Papaya (carica papaya)/832.jpg,1,Papaya
Papaya (carica papaya)/833.jpg,1,Papaya
Papaya (carica papaya)/834.jpg,1,Papaya
Papaya (carica papaya)/835.jpg,1,Papaya
Papaya (carica papaya)/836.jpg,1,Papaya
Papaya (carica papaya)/837.jpg,1,Papaya
Papaya (carica papaya)/838.jpg,1,Papaya
Papaya (carica papaya)/839.jpg,1,Papaya
Papaya (carica papaya)/84.jpg,1,Papaya
Papaya (carica papaya)/840.jpg,1,Papaya
Papaya (carica papaya)/841.jpg,1,Papaya
Papaya (carica papaya)/842.jpg,1,Papaya
Papaya (carica papaya)/843.jpg,1,Papaya
Papaya (carica papaya)/844.jpg,1,Papaya
Papaya (carica papaya)/845.jpg,1,Papaya
Papaya (carica papaya)/846.jpg,1,Papaya
Papaya (carica papaya)/847.jpg,1,Papaya
Papaya (carica papaya)/848.jpg,1,Papaya
Papaya (carica papaya)/849.jpg,1,Papaya
Papaya (carica papaya)/85.jpg,1,Papaya
Papaya (carica papaya)/850.jpg,1,Papaya
Papaya (carica papaya)/851.jpg,1,Papaya
Papaya (carica papaya)/852.jpg,1,Papaya
Papaya (carica papaya)/853.jpg,1,Papaya
Papaya (carica papaya)/854.jpg,1,Papaya
Papaya (carica papaya)/855.jpg,1,Papaya
Papaya (carica papaya)/856.jpg,1,Papaya
Papaya (carica papaya)/857.jpg,1,Papaya
Papaya (carica papaya)/858.jpg,1,Papaya
Papaya (carica papaya)/859.jpg,1,Papaya
Papaya (carica papaya)/86.jpg,1,Papaya
Papaya (carica papaya)/860.jpg,1,Papaya
Papaya (carica papaya)/861.jpg,1,Papaya
Papaya (carica papaya)/862.jpg,1,Papaya
Papaya (carica papaya)/863.jpg,1,Papaya
Papaya (carica papaya)/864.jpg,1,Papaya
Papaya (carica papaya)/865.jpg,1,Papaya
Papaya (carica papaya)/866.jpg,1,Papaya
Papaya (carica papaya)/867.jpg,1,Papaya
Papaya (carica papaya)/868.jpg,1,Papaya
Papaya (carica papaya)/869.jpg,1,Papaya
Papaya (carica papaya)/87.jpg,1,Papaya
Papaya (carica papaya)/870.jpg,1,Papaya
Papaya (carica papaya)/871.jpg,1,Papaya
Papaya (carica papaya)/872.jpg,1,Papaya
Papaya (carica papaya)/873.jpg,1,Papaya
Papaya (carica papaya)/874.jpg,1,Papaya
Papaya (carica papaya)/875.jpg,1,Papaya
Papaya (carica papaya)/876.jpg,1,Papaya
Papaya (carica papaya)/877.jpg,1,Papaya
Papaya (carica papaya)/878.jpg,1,Papaya
Papaya (carica papaya)/879.jpg,1,Papaya
Papaya (carica papaya)/88.jpg,1,Papaya
Papaya (carica papaya)/880.jpg,1,Papaya
Papaya (carica papaya)/881.jpg,1,Papaya
Papaya (carica papaya)/882.jpg,1,Papaya
Papaya (carica papaya)/883.jpg,1,Papaya
Papaya (carica papaya)/884.jpg,1,Papaya
Papaya (carica papaya)/885.jpg,1,Papaya
Papaya (carica papaya)/886.jpg,1,Papaya
Papaya (carica papaya)/887.jpg,1,Papaya
Papaya (carica papaya)/888.jpg,1,Papaya
Papaya (carica papaya)/889.jpg,1,Papaya
Papaya (carica papaya)/89.jpg,1,Papaya
Papaya (carica papaya)/890.jpg,1,Papaya
Papaya (carica papaya)/891.jpg,1,Papaya
Papaya (carica papaya)/892.jpg,1,Papaya
Papaya (carica papaya)/893.jpg,1,Papaya
Papaya (carica papaya)/894.jpg,1,Papaya
Papaya (carica papaya)/895.jpg,1,Papaya
Papaya (carica papaya)/896.jpg,1,Papaya
Papaya (carica papaya)/897.jpg,1,Papaya
Papaya (carica papaya)/898.jpg,1,Papaya
Papaya (carica papaya)/899.jpg,1,Papaya
Papaya (carica papaya)/9.jpg,1,Papaya
Papaya (carica papaya)/90.jpg,1,Papaya
Papaya (carica papaya)/900.jpg,1,Papaya
Papaya (carica papaya)/901.jpg,1,Papaya
Papaya (carica papaya)/902.jpg,1,Papaya
Papaya (carica papaya)/903.jpg,1,Papaya
Papaya (carica papaya)/904.jpg,1,Papaya
Papaya (carica papaya)/905.jpg,1,Papaya
Papaya (carica papaya)/906.jpg,1,Papaya
Papaya (carica papaya)/907.jpg,1,Papaya
Papaya (carica papaya)/908.jpg,1,Papaya
Papaya (carica papaya)/909.jpg,1,Papaya
Papaya (carica papaya)/91.jpg,1,Papaya
Papaya (carica papaya)/910.jpg,1,Papaya
Papaya (carica papaya)/911.jpg,1,Papaya
Papaya (carica papaya)/912.jpg,1,Papaya
Papaya (carica papaya)/913.jpg,1,Papaya
Papaya (carica papaya)/914.jpg,1,Papaya
Papaya (carica papaya)/915.jpg,1,Papaya
Papaya (carica papaya)/916.jpg,1,Papaya
Papaya (carica papaya)/917.jpg,1,Papaya
Papaya (carica papaya)/918.jpg,1,Papaya
Papaya (carica papaya)/919.jpg,1,Papaya
Papaya (carica papaya)/92.jpg,1,Papaya
Papaya (carica papaya)/920.jpg,1,Papaya
Papaya (carica papaya)/921.jpg,1,Papaya
Papaya (carica papaya)/922.jpg,1,Papaya
Papaya (carica papaya)/923.jpg,1,Papaya
Papaya (carica papaya)/924.jpg,1,Papaya
Papaya (carica papaya)/925.jpg,1,Papaya
Papaya (carica papaya)/926.jpg,1,Papaya
Papaya (carica papaya)/927.jpg,1,Papaya
Papaya (carica papaya)/928.jpg,1,Papaya
Papaya (carica papaya)/929.jpg,1,Papaya
Papaya (carica papaya)/93.jpg,1,Papaya
Papaya (carica papaya)/930.jpg,1,Papaya
Papaya (carica papaya)/931.jpg,1,Papaya
Papaya (carica papaya)/932.jpg,1,Papaya
Papaya (carica papaya)/933.jpg,1,Papaya
Papaya (carica papaya)/934.jpg,1,Papaya
Papaya (carica papaya)/935.jpg,1,Papaya
Papaya (carica papaya)/936.jpg,1,Papaya
Papaya (carica papaya)/937.jpg,1,Papaya
Papaya (carica papaya)/938.jpg,1,Papaya
Papaya (carica papaya)/939.jpg,1,Papaya
Papaya (carica papaya)/94.jpg,1,Papaya
Papaya (carica papaya)/940.jpg,1,Papaya
Papaya (carica papaya)/941.jpg,1,Papaya
Papaya (carica papaya)/942.jpg,1,Papaya
Papaya (carica papaya)/943.jpg,1,Papaya
Papaya (carica papaya)/944.jpg,1,Papaya
Papaya (carica papaya)/945.jpg,1,Papaya
Papaya (carica papaya)/946.jpg,1,Papaya
Papaya (carica papaya)/947.jpg,1,Papaya
Papaya (carica papaya)/948.jpg,1,Papaya
Papaya (carica papaya)/949.jpg,1,Papaya
Papaya (carica papaya)/95.jpg,1,Papaya
Papaya (carica papaya)/950.jpg,1,Papaya
Papaya (carica papaya)/951.jpg,1,Papaya
Papaya (carica papaya)/952.jpg,1,Papaya
Papaya (carica papaya)/953.jpg,1,Papaya
Papaya (carica papaya)/954.jpg,1,Papaya
Papaya (carica papaya)/955.jpg,1,Papaya
Papaya (carica papaya)/956.jpg,1,Papaya
Papaya (carica papaya)/957.jpg,1,Papaya
Papaya (carica papaya)/958.jpg,1,Papaya
Papaya (carica papaya)/959.jpg,1,Papaya
Papaya (carica papaya)/96.jpg,1,Papaya
Papaya (carica papaya)/960.jpg,1,Papaya
Papaya (carica papaya)/961.jpg,1,Papaya
Papaya (carica papaya)/962.jpg,1,Papaya
Papaya (carica papaya)/963.jpg,1,Papaya
Papaya (carica papaya)/964.jpg,1,Papaya
Papaya (carica papaya)/965.jpg,1,Papaya
Papaya (carica papaya)/966.jpg,1,Papaya
Papaya (carica papaya)/967.jpg,1,Papaya
Papaya (carica papaya)/968.jpg,1,Papaya
Papaya (carica papaya)/969.jpg,1,Papaya
Papaya (carica papaya)/97.jpg,1,Papaya
Papaya (carica papaya)/970.jpg,1,Papaya
Papaya (carica papaya)/971.jpg,1,Papaya
Papaya (carica papaya)/972.jpg,1,Papaya
Papaya (carica papaya)/973.jpg,1,Papaya
Papaya (carica papaya)/974.jpg,1,Papaya
Papaya (carica papaya)/975.jpg,1,Papaya
Papaya (carica papaya)/976.jpg,1,Papaya
Papaya (carica papaya)/977.jpg,1,Papaya
Papaya (carica papaya)/978.jpg,1,Papaya
Papaya (carica papaya)/979.jpg,1,Papaya
Papaya (carica papaya)/98.jpg,1,Papaya
Papaya (carica papaya)/980.jpg,1,Papaya
Papaya (carica papaya)/981.jpg,1,Papaya
Papaya (carica papaya)/982.jpg,1,Papaya
Papaya (carica papaya)/983.jpg,1,Papaya
Papaya (carica papaya)/984.jpg,1,Papaya
Papaya (carica papaya)/985.jpg,1,Papaya
Papaya (carica papaya)/986.jpg,1,Papaya
Papaya (carica papaya)/987.jpg,1,Papaya
Papaya (carica papaya)/988.jpg,1,Papaya
Papaya (carica papaya)/989.jpg,1,Papaya
Papaya (carica papaya)/99.jpg,1,Papaya
Papaya (carica papaya)/990.jpg,1,Papaya
Papaya (carica papaya)/991.jpg,1,Papaya
Papaya (carica papaya)/992.jpg,1,Papaya
Papaya (carica papaya)/993.jpg,1,Papaya
Papaya (carica papaya)/994.jpg,1,Papaya
Papaya (carica papaya)/995.jpg,1,Papaya
Papaya (carica papaya)/996.jpg,1,Papaya
Papaya (carica papaya)/997.jpg,1,Papaya
Papaya (carica papaya)/998.jpg,1,Papaya
Papaya (carica papaya)/999.jpg,1,Papaya
